State,Year,Quarter,District,RegisteredUsers,AppOpens
Andaman & Nicobar Islands,2022,1,North And Middle Andaman District,10720,904869
Andaman & Nicobar Islands,2022,1,South Andaman District,63487,2368756
Andaman & Nicobar Islands,2022,1,Nicobars District,2081,573782
Andaman & Nicobar Islands,2024,1,North And Middle Andaman District,15539,9022450
Andaman & Nicobar Islands,2024,1,South Andaman District,89907,12147903
Andaman & Nicobar Islands,2024,1,Nicobars District,2965,7368398
Andaman & Nicobar Islands,2023,1,North And Middle Andaman District,12941,3103047
Andaman & Nicobar Islands,2023,1,South Andaman District,77052,5450795
Andaman & Nicobar Islands,2023,1,Nicobars District,2491,2458822
Andaman & Nicobar Islands,2019,1,North And Middle Andaman District,2013,0
Andaman & Nicobar Islands,2019,1,South Andaman District,15961,0
Andaman & Nicobar Islands,2019,1,Nicobars District,622,0
Andaman & Nicobar Islands,2021,1,North And Middle Andaman District,7833,121680
Andaman & Nicobar Islands,2021,1,South Andaman District,48352,837589
Andaman & Nicobar Islands,2021,1,Nicobars District,1573,45067
Andaman & Nicobar Islands,2020,1,North And Middle Andaman District,3315,30444
Andaman & Nicobar Islands,2020,1,South Andaman District,24174,151529
Andaman & Nicobar Islands,2020,1,Nicobars District,879,11613
Andaman & Nicobar Islands,2018,1,North And Middle Andaman District,632,0
Andaman & Nicobar Islands,2018,1,South Andaman District,5846,0
Andaman & Nicobar Islands,2018,1,Nicobars District,262,0
Tamil Nadu,2022,1,Tiruchirappalli District,688562,20900419
Tamil Nadu,2022,1,Ramanathapuram District,210698,17777779
Tamil Nadu,2022,1,Krishnagiri District,776101,41868147
Tamil Nadu,2022,1,Cuddalore District,527223,15255170
Tamil Nadu,2022,1,Kancheepuram District,1158719,11803314
Tamil Nadu,2022,1,Tiruppur District,1014036,24784887
Tamil Nadu,2022,1,Dharmapuri District,404709,29735879
Tamil Nadu,2022,1,Thoothukkudi District,327607,16229136
Tamil Nadu,2022,1,Thanjavur District,445883,13460902
Tamil Nadu,2022,1,Madurai District,820952,18688722
Tamil Nadu,2022,1,Tiruvannamalai District,489026,28400548
Tamil Nadu,2022,1,Salem District,905104,31202884
Tamil Nadu,2022,1,Nagapattinam District,226781,9648543
Tamil Nadu,2022,1,Tirupathur District,317064,12811064
Tamil Nadu,2022,1,Ariyalur District,134075,8238011
Tamil Nadu,2022,1,Chennai District,2388315,10870012
Tamil Nadu,2022,1,The Nilgiris District,173188,9788145
Tamil Nadu,2022,1,Erode District,589462,16683133
Tamil Nadu,2022,1,Karur District,222853,16310834
Tamil Nadu,2022,1,Kallakkurichi District,306623,15612591
Tamil Nadu,2022,1,Viluppuram District,379264,17225194
Tamil Nadu,2022,1,Pudukkottai District,237115,22854053
Tamil Nadu,2022,1,Perambalur District,112667,8040859
Tamil Nadu,2022,1,Coimbatore District,1687096,27741808
Tamil Nadu,2022,1,Virudhunagar District,346363,17177364
Tamil Nadu,2022,1,Dindigul District,440072,27821213
Tamil Nadu,2022,1,Sivaganga District,241188,20384928
Tamil Nadu,2022,1,Tenkasi District,204182,9468909
Tamil Nadu,2022,1,Chengalpattu District,1621177,16221250
Tamil Nadu,2022,1,Kanniyakumari District,370820,5009074
Tamil Nadu,2022,1,Tirunelveli District,338716,13100432
Tamil Nadu,2022,1,Thiruvallur District,1970646,24538065
Tamil Nadu,2022,1,Theni District,245438,12750343
Tamil Nadu,2022,1,Ranipet District,325358,10227642
Tamil Nadu,2022,1,Namakkal District,399282,14545554
Tamil Nadu,2022,1,Vellore District,449961,11694691
Tamil Nadu,2022,1,Thiruvarur District,170694,9618776
Tamil Nadu,2024,1,Tiruchirappalli District,974721,43404476
Tamil Nadu,2024,1,Ramanathapuram District,299529,26660023
Tamil Nadu,2024,1,Krishnagiri District,1103984,50508526
Tamil Nadu,2024,1,Cuddalore District,751246,16554835
Tamil Nadu,2024,1,Kancheepuram District,1636613,14029868
Tamil Nadu,2024,1,Tiruppur District,1450347,50467711
Tamil Nadu,2024,1,Dharmapuri District,580651,37645280
Tamil Nadu,2024,1,Thoothukkudi District,464294,30709976
Tamil Nadu,2024,1,Thanjavur District,631126,20311777
Tamil Nadu,2024,1,Madurai District,1160424,26145469
Tamil Nadu,2024,1,Tiruvannamalai District,700502,98918973
Tamil Nadu,2024,1,Salem District,1286923,33985551
Tamil Nadu,2024,1,Nagapattinam District,321856,18462374
Tamil Nadu,2024,1,Tirupathur District,452310,9811300
Tamil Nadu,2024,1,Ariyalur District,192354,11271709
Tamil Nadu,2024,1,Chennai District,3324538,9728568
Tamil Nadu,2024,1,The Nilgiris District,242760,15370180
Tamil Nadu,2024,1,Erode District,835835,28968385
Tamil Nadu,2024,1,Karur District,317783,33657566
Tamil Nadu,2024,1,Kallakkurichi District,441130,27202550
Tamil Nadu,2024,1,Viluppuram District,541758,29142058
Tamil Nadu,2024,1,Pudukkottai District,337992,50962746
Tamil Nadu,2024,1,Perambalur District,160466,9014825
Tamil Nadu,2024,1,Coimbatore District,2365485,87689053
Tamil Nadu,2024,1,Virudhunagar District,494396,30148702
Tamil Nadu,2024,1,Dindigul District,625745,51117528
Tamil Nadu,2024,1,Sivaganga District,342882,25748846
Tamil Nadu,2024,1,Tenkasi District,290582,16775801
Tamil Nadu,2024,1,Chengalpattu District,2267245,24840653
Tamil Nadu,2024,1,Kanniyakumari District,523733,17396991
Tamil Nadu,2024,1,Tirunelveli District,478618,25972634
Tamil Nadu,2024,1,Thiruvallur District,2781638,26410658
Tamil Nadu,2024,1,Theni District,349442,18332681
Tamil Nadu,2024,1,Ranipet District,463071,11377621
Tamil Nadu,2024,1,Namakkal District,568047,18901988
Tamil Nadu,2024,1,Vellore District,636873,14017168
Tamil Nadu,2024,1,Thiruvarur District,241851,27400512
Tamil Nadu,2023,1,Tiruchirappalli District,834366,30619756
Tamil Nadu,2023,1,Ramanathapuram District,253860,29573495
Tamil Nadu,2023,1,Krishnagiri District,944553,68436058
Tamil Nadu,2023,1,Cuddalore District,640477,23885306
Tamil Nadu,2023,1,Kancheepuram District,1408216,14091568
Tamil Nadu,2023,1,Tiruppur District,1237941,36812228
Tamil Nadu,2023,1,Dharmapuri District,493000,40417160
Tamil Nadu,2023,1,Thoothukkudi District,395704,28593036
Tamil Nadu,2023,1,Thanjavur District,539170,23071099
Tamil Nadu,2023,1,Madurai District,996514,28725385
Tamil Nadu,2023,1,Tiruvannamalai District,593924,46080245
Tamil Nadu,2023,1,Salem District,1100202,52819330
Tamil Nadu,2023,1,Nagapattinam District,273807,16315418
Tamil Nadu,2023,1,Tirupathur District,386067,18240139
Tamil Nadu,2023,1,Ariyalur District,162294,13803622
Tamil Nadu,2023,1,Chennai District,2885933,7756177
Tamil Nadu,2023,1,The Nilgiris District,208529,19644672
Tamil Nadu,2023,1,Erode District,715174,25457169
Tamil Nadu,2023,1,Karur District,269769,27323949
Tamil Nadu,2023,1,Kallakkurichi District,373516,24458111
Tamil Nadu,2023,1,Viluppuram District,460488,25910140
Tamil Nadu,2023,1,Pudukkottai District,285472,38328599
Tamil Nadu,2023,1,Perambalur District,135997,10620367
Tamil Nadu,2023,1,Coimbatore District,2042019,38823210
Tamil Nadu,2023,1,Virudhunagar District,420518,28477992
Tamil Nadu,2023,1,Dindigul District,533017,46991214
Tamil Nadu,2023,1,Sivaganga District,290846,37288428
Tamil Nadu,2023,1,Tenkasi District,246959,16728608
Tamil Nadu,2023,1,Chengalpattu District,1959401,19777802
Tamil Nadu,2023,1,Kanniyakumari District,449614,8481768
Tamil Nadu,2023,1,Tirunelveli District,409319,20887510
Tamil Nadu,2023,1,Thiruvallur District,2393917,30438886
Tamil Nadu,2023,1,Theni District,298400,22214469
Tamil Nadu,2023,1,Ranipet District,395142,16253806
Tamil Nadu,2023,1,Namakkal District,484476,21702271
Tamil Nadu,2023,1,Vellore District,546340,16049045
Tamil Nadu,2023,1,Thiruvarur District,205722,13963612
Tamil Nadu,2019,1,Tiruchirappalli District,193798,0
Tamil Nadu,2019,1,Ramanathapuram District,49864,0
Tamil Nadu,2019,1,Krishnagiri District,212859,0
Tamil Nadu,2019,1,Cuddalore District,138966,0
Tamil Nadu,2019,1,Kancheepuram District,385091,0
Tamil Nadu,2019,1,Tiruppur District,273869,0
Tamil Nadu,2019,1,Dharmapuri District,111273,0
Tamil Nadu,2019,1,Thoothukkudi District,82778,0
Tamil Nadu,2019,1,Thanjavur District,113549,0
Tamil Nadu,2019,1,Madurai District,224783,0
Tamil Nadu,2019,1,Tiruvannamalai District,129411,0
Tamil Nadu,2019,1,Salem District,257624,0
Tamil Nadu,2019,1,Nagapattinam District,54318,0
Tamil Nadu,2019,1,Tirupathur District,81010,0
Tamil Nadu,2019,1,Ariyalur District,32852,0
Tamil Nadu,2019,1,Chennai District,830586,0
Tamil Nadu,2019,1,The Nilgiris District,41312,0
Tamil Nadu,2019,1,Erode District,157469,0
Tamil Nadu,2019,1,Karur District,58673,0
Tamil Nadu,2019,1,Kallakkurichi District,73253,0
Tamil Nadu,2019,1,Viluppuram District,100564,0
Tamil Nadu,2019,1,Pudukkottai District,55252,0
Tamil Nadu,2019,1,Perambalur District,27434,0
Tamil Nadu,2019,1,Coimbatore District,495350,0
Tamil Nadu,2019,1,Virudhunagar District,87060,0
Tamil Nadu,2019,1,Dindigul District,109937,0
Tamil Nadu,2019,1,Sivaganga District,57822,0
Tamil Nadu,2019,1,Tenkasi District,50065,0
Tamil Nadu,2019,1,Chengalpattu District,578045,0
Tamil Nadu,2019,1,Kanniyakumari District,87667,0
Tamil Nadu,2019,1,Tirunelveli District,85506,0
Tamil Nadu,2019,1,Thiruvallur District,625908,0
Tamil Nadu,2019,1,Theni District,60522,0
Tamil Nadu,2019,1,Ranipet District,93392,0
Tamil Nadu,2019,1,Namakkal District,112549,0
Tamil Nadu,2019,1,Vellore District,126690,0
Tamil Nadu,2019,1,Thiruvarur District,39202,0
Tamil Nadu,2021,1,Tiruchirappalli District,527667,8836445
Tamil Nadu,2021,1,Ramanathapuram District,158933,2470213
Tamil Nadu,2021,1,Krishnagiri District,592655,18257136
Tamil Nadu,2021,1,Cuddalore District,401780,6718405
Tamil Nadu,2021,1,Kancheepuram District,895950,22914978
Tamil Nadu,2021,1,Tiruppur District,772074,15416834
Tamil Nadu,2021,1,Dharmapuri District,306834,7786122
Tamil Nadu,2021,1,Thoothukkudi District,249036,3774093
Tamil Nadu,2021,1,Thanjavur District,340874,5383102
Tamil Nadu,2021,1,Madurai District,630685,10792871
Tamil Nadu,2021,1,Tiruvannamalai District,369304,7105656
Tamil Nadu,2021,1,Salem District,693137,13212180
Tamil Nadu,2021,1,Nagapattinam District,172162,2709896
Tamil Nadu,2021,1,Tirupathur District,242300,5673187
Tamil Nadu,2021,1,Ariyalur District,101107,1628883
Tamil Nadu,2021,1,Chennai District,1865001,44025572
Tamil Nadu,2021,1,The Nilgiris District,132909,2667830
Tamil Nadu,2021,1,Erode District,449675,7891302
Tamil Nadu,2021,1,Karur District,168402,2748286
Tamil Nadu,2021,1,Kallakkurichi District,231208,4214895
Tamil Nadu,2021,1,Viluppuram District,287910,5813660
Tamil Nadu,2021,1,Pudukkottai District,178074,2798190
Tamil Nadu,2021,1,Perambalur District,85113,1379818
Tamil Nadu,2021,1,Coimbatore District,1304141,28188456
Tamil Nadu,2021,1,Virudhunagar District,262406,4141001
Tamil Nadu,2021,1,Dindigul District,334350,6175195
Tamil Nadu,2021,1,Sivaganga District,181917,3022065
Tamil Nadu,2021,1,Tenkasi District,155104,2189726
Tamil Nadu,2021,1,Chengalpattu District,1259678,32721455
Tamil Nadu,2021,1,Kanniyakumari District,284941,4119075
Tamil Nadu,2021,1,Tirunelveli District,258947,3981829
Tamil Nadu,2021,1,Thiruvallur District,1522407,36786664
Tamil Nadu,2021,1,Theni District,187104,3191924
Tamil Nadu,2021,1,Ranipet District,248923,5222726
Tamil Nadu,2021,1,Namakkal District,304004,5067526
Tamil Nadu,2021,1,Vellore District,346428,7829717
Tamil Nadu,2021,1,Thiruvarur District,129468,1944801
Tamil Nadu,2020,1,Tiruchirappalli District,339829,4719933
Tamil Nadu,2020,1,Ramanathapuram District,93243,1175864
Tamil Nadu,2020,1,Krishnagiri District,379857,6993104
Tamil Nadu,2020,1,Cuddalore District,247650,2974425
Tamil Nadu,2020,1,Kancheepuram District,626872,12333880
Tamil Nadu,2020,1,Tiruppur District,488697,7062739
Tamil Nadu,2020,1,Dharmapuri District,194617,3208124
Tamil Nadu,2020,1,Thoothukkudi District,152572,1838344
Tamil Nadu,2020,1,Thanjavur District,208798,2797086
Tamil Nadu,2020,1,Madurai District,402474,5507257
Tamil Nadu,2020,1,Tiruvannamalai District,230261,3220937
Tamil Nadu,2020,1,Salem District,442045,5979694
Tamil Nadu,2020,1,Nagapattinam District,101777,1199502
Tamil Nadu,2020,1,Tirupathur District,148648,2283628
Tamil Nadu,2020,1,Ariyalur District,60040,750655
Tamil Nadu,2020,1,Chennai District,1340762,25098869
Tamil Nadu,2020,1,The Nilgiris District,80235,1121593
Tamil Nadu,2020,1,Erode District,279035,3501764
Tamil Nadu,2020,1,Karur District,102936,1273957
Tamil Nadu,2020,1,Kallakkurichi District,138096,1826308
Tamil Nadu,2020,1,Viluppuram District,181301,2691021
Tamil Nadu,2020,1,Pudukkottai District,103610,1301766
Tamil Nadu,2020,1,Perambalur District,50493,630038
Tamil Nadu,2020,1,Coimbatore District,868832,14620009
Tamil Nadu,2020,1,Virudhunagar District,158388,1996827
Tamil Nadu,2020,1,Dindigul District,204661,2864002
Tamil Nadu,2020,1,Sivaganga District,106993,1359734
Tamil Nadu,2020,1,Tenkasi District,92142,1017754
Tamil Nadu,2020,1,Chengalpattu District,912587,24586991
Tamil Nadu,2020,1,Kanniyakumari District,171611,1981360
Tamil Nadu,2020,1,Tirunelveli District,158258,1860525
Tamil Nadu,2020,1,Thiruvallur District,1041642,18732482
Tamil Nadu,2020,1,Theni District,111186,1398101
Tamil Nadu,2020,1,Ranipet District,160257,2386777
Tamil Nadu,2020,1,Namakkal District,191510,2352284
Tamil Nadu,2020,1,Vellore District,225181,4369641
Tamil Nadu,2020,1,Thiruvarur District,75272,891778
Tamil Nadu,2018,1,Tiruchirappalli District,62230,0
Tamil Nadu,2018,1,Ramanathapuram District,14636,0
Tamil Nadu,2018,1,Krishnagiri District,66958,0
Tamil Nadu,2018,1,Cuddalore District,43486,0
Tamil Nadu,2018,1,Kancheepuram District,136352,0
Tamil Nadu,2018,1,Tiruppur District,87652,0
Tamil Nadu,2018,1,Dharmapuri District,33682,0
Tamil Nadu,2018,1,Thoothukkudi District,25509,0
Tamil Nadu,2018,1,Thanjavur District,36258,0
Tamil Nadu,2018,1,Madurai District,72582,0
Tamil Nadu,2018,1,Tiruvannamalai District,40279,0
Tamil Nadu,2018,1,Salem District,88288,0
Tamil Nadu,2018,1,Nagapattinam District,15626,0
Tamil Nadu,2018,1,Tirupathur District,25242,0
Tamil Nadu,2018,1,Ariyalur District,9211,0
Tamil Nadu,2018,1,Chennai District,292004,0
Tamil Nadu,2018,1,The Nilgiris District,13351,0
Tamil Nadu,2018,1,Erode District,53761,0
Tamil Nadu,2018,1,Karur District,19098,0
Tamil Nadu,2018,1,Kallakkurichi District,20750,0
Tamil Nadu,2018,1,Viluppuram District,31546,0
Tamil Nadu,2018,1,Pudukkottai District,16067,0
Tamil Nadu,2018,1,Perambalur District,8476,0
Tamil Nadu,2018,1,Coimbatore District,170306,0
Tamil Nadu,2018,1,Virudhunagar District,27079,0
Tamil Nadu,2018,1,Dindigul District,34025,0
Tamil Nadu,2018,1,Sivaganga District,16919,0
Tamil Nadu,2018,1,Tenkasi District,15000,0
Tamil Nadu,2018,1,Chengalpattu District,215210,0
Tamil Nadu,2018,1,Kanniyakumari District,28347,0
Tamil Nadu,2018,1,Tirunelveli District,28006,0
Tamil Nadu,2018,1,Thiruvallur District,215622,0
Tamil Nadu,2018,1,Theni District,18253,0
Tamil Nadu,2018,1,Ranipet District,31107,0
Tamil Nadu,2018,1,Namakkal District,38529,0
Tamil Nadu,2018,1,Vellore District,42137,0
Tamil Nadu,2018,1,Thiruvarur District,11170,0
Lakshadweep,2022,1,Lakshadweep District,5990,45410
Lakshadweep,2024,1,Lakshadweep District,8578,645375
Lakshadweep,2023,1,Lakshadweep District,7267,43821
Lakshadweep,2019,1,Lakshadweep District,1416,0
Lakshadweep,2021,1,Lakshadweep District,4577,47283
Lakshadweep,2020,1,Lakshadweep District,2772,21982
Lakshadweep,2018,1,Lakshadweep District,501,0
Telangana,2022,1,Narayanpet District,141328,24536040
Telangana,2022,1,Nalgonda District,681754,78536056
Telangana,2022,1,Jangaon District,230792,33506381
Telangana,2022,1,Bhadradri Kothagudem District,465349,47828778
Telangana,2022,1,Warangal Rural District,259006,20722699
Telangana,2022,1,Kumuram Bheem Asifabad District,128148,23216915
Telangana,2022,1,Nizamabad District,628661,45635773
Telangana,2022,1,Adilabad District,182668,25726396
Telangana,2022,1,Rajanna Sircilla District,223437,20874197
Telangana,2022,1,Nagarkurnool District,324408,60647215
Telangana,2022,1,Peddapalle District,392476,26729462
Telangana,2022,1,Nirmal District,211771,31155753
Telangana,2022,1,Mahabubabad District,257761,26617012
Telangana,2022,1,Sangareddy District,997988,48529759
Telangana,2022,1,Wanaparthy District,183885,21853834
Telangana,2022,1,Vikarabad District,292925,40205178
Telangana,2022,1,Jagtial District,358314,32122010
Telangana,2022,1,Yadadri Bhuvanagiri District,345555,43364083
Telangana,2022,1,Medak District,250764,26785493
Telangana,2022,1,Mahbubnagar District,377199,31979642
Telangana,2022,1,Jaya Shankar Bhalupally District,155585,19712978
Telangana,2022,1,Warangal Urban District,797162,21446613
Telangana,2022,1,Rangareddy District,3722676,79856901
Telangana,2022,1,Hyderabad District,4306136,36924268
Telangana,2022,1,Suryapet District,420703,35742581
Telangana,2022,1,Jogulamba Gadwal District,199570,22596775
Telangana,2022,1,Kamareddy District,314999,34435197
Telangana,2022,1,Mulugu District,94447,24353047
Telangana,2022,1,Medchal Malkajgiri District,3138387,36878958
Telangana,2022,1,Karimnagar District,592752,27194131
Telangana,2022,1,Mancherial District,371749,35198365
Telangana,2022,1,Siddipet District,452034,44351650
Telangana,2022,1,Khammam District,650223,39600384
Telangana,2024,1,Narayanpet District,203622,24082267
Telangana,2024,1,Nalgonda District,975830,44486628
Telangana,2024,1,Jangaon District,330220,26468048
Telangana,2024,1,Bhadradri Kothagudem District,666127,56498282
Telangana,2024,1,Warangal Rural District,372568,12148941
Telangana,2024,1,Kumuram Bheem Asifabad District,185805,27916112
Telangana,2024,1,Nizamabad District,889165,17032547
Telangana,2024,1,Adilabad District,261547,54021182
Telangana,2024,1,Rajanna Sircilla District,317573,8619633
Telangana,2024,1,Nagarkurnool District,465123,30563434
Telangana,2024,1,Peddapalle District,559277,8527114
Telangana,2024,1,Nirmal District,304059,44619530
Telangana,2024,1,Mahabubabad District,371553,18918377
Telangana,2024,1,Sangareddy District,1411306,37400511
Telangana,2024,1,Wanaparthy District,262957,14686092
Telangana,2024,1,Vikarabad District,418255,44607160
Telangana,2024,1,Jagtial District,509834,13001039
Telangana,2024,1,Yadadri Bhuvanagiri District,493078,19280601
Telangana,2024,1,Medak District,359688,20524637
Telangana,2024,1,Mahbubnagar District,534161,21383377
Telangana,2024,1,Jaya Shankar Bhalupally District,224643,10842671
Telangana,2024,1,Warangal Urban District,1117693,15566638
Telangana,2024,1,Rangareddy District,5149421,100682980
Telangana,2024,1,Hyderabad District,5928930,52201608
Telangana,2024,1,Suryapet District,603320,20434991
Telangana,2024,1,Jogulamba Gadwal District,287594,21643542
Telangana,2024,1,Kamareddy District,452089,23007790
Telangana,2024,1,Mulugu District,137092,14961411
Telangana,2024,1,Medchal Malkajgiri District,4352811,46335942
Telangana,2024,1,Karimnagar District,835681,15416205
Telangana,2024,1,Mancherial District,531991,13988613
Telangana,2024,1,Siddipet District,643516,20450839
Telangana,2024,1,Khammam District,925918,33000544
Telangana,2023,1,Narayanpet District,172242,29775037
Telangana,2023,1,Nalgonda District,830827,87778412
Telangana,2023,1,Jangaon District,280580,34755100
Telangana,2023,1,Bhadradri Kothagudem District,567571,61557092
Telangana,2023,1,Warangal Rural District,315944,20175108
Telangana,2023,1,Kumuram Bheem Asifabad District,156343,28022663
Telangana,2023,1,Nizamabad District,761985,48549263
Telangana,2023,1,Adilabad District,222025,34654415
Telangana,2023,1,Rajanna Sircilla District,271074,25603157
Telangana,2023,1,Nagarkurnool District,394485,61891346
Telangana,2023,1,Peddapalle District,478118,26406282
Telangana,2023,1,Nirmal District,257611,42217573
Telangana,2023,1,Mahabubabad District,314702,30185194
Telangana,2023,1,Sangareddy District,1212607,63878054
Telangana,2023,1,Wanaparthy District,223966,24336032
Telangana,2023,1,Vikarabad District,355447,44979668
Telangana,2023,1,Jagtial District,434964,32529442
Telangana,2023,1,Yadadri Bhuvanagiri District,420473,46489173
Telangana,2023,1,Medak District,305395,33658982
Telangana,2023,1,Mahbubnagar District,457781,39744744
Telangana,2023,1,Jaya Shankar Bhalupally District,190125,21663861
Telangana,2023,1,Warangal Urban District,964802,20931489
Telangana,2023,1,Rangareddy District,4483193,92873530
Telangana,2023,1,Hyderabad District,5176899,32078250
Telangana,2023,1,Suryapet District,513436,35148085
Telangana,2023,1,Jogulamba Gadwal District,243224,26336319
Telangana,2023,1,Kamareddy District,383869,37096127
Telangana,2023,1,Mulugu District,115471,26284682
Telangana,2023,1,Medchal Malkajgiri District,3787461,32008875
Telangana,2023,1,Karimnagar District,718193,31218292
Telangana,2023,1,Mancherial District,453837,37525510
Telangana,2023,1,Siddipet District,549109,52595211
Telangana,2023,1,Khammam District,790500,42709479
Telangana,2019,1,Narayanpet District,40074,0
Telangana,2019,1,Nalgonda District,211184,0
Telangana,2019,1,Jangaon District,75697,0
Telangana,2019,1,Bhadradri Kothagudem District,143331,0
Telangana,2019,1,Warangal Rural District,86129,0
Telangana,2019,1,Kumuram Bheem Asifabad District,36654,0
Telangana,2019,1,Nizamabad District,186351,0
Telangana,2019,1,Adilabad District,52692,0
Telangana,2019,1,Rajanna Sircilla District,74849,0
Telangana,2019,1,Nagarkurnool District,93752,0
Telangana,2019,1,Peddapalle District,146982,0
Telangana,2019,1,Nirmal District,62468,0
Telangana,2019,1,Mahabubabad District,80528,0
Telangana,2019,1,Sangareddy District,346529,0
Telangana,2019,1,Wanaparthy District,56006,0
Telangana,2019,1,Vikarabad District,82823,0
Telangana,2019,1,Jagtial District,114424,0
Telangana,2019,1,Yadadri Bhuvanagiri District,112847,0
Telangana,2019,1,Medak District,79145,0
Telangana,2019,1,Mahbubnagar District,117364,0
Telangana,2019,1,Jaya Shankar Bhalupally District,52428,0
Telangana,2019,1,Warangal Urban District,301881,0
Telangana,2019,1,Rangareddy District,1470874,0
Telangana,2019,1,Hyderabad District,1638436,0
Telangana,2019,1,Suryapet District,131272,0
Telangana,2019,1,Jogulamba Gadwal District,57206,0
Telangana,2019,1,Kamareddy District,96369,0
Telangana,2019,1,Mulugu District,27532,0
Telangana,2019,1,Medchal Malkajgiri District,1279531,0
Telangana,2019,1,Karimnagar District,218609,0
Telangana,2019,1,Mancherial District,131128,0
Telangana,2019,1,Siddipet District,152281,0
Telangana,2019,1,Khammam District,206049,0
Telangana,2021,1,Narayanpet District,106583,4879296
Telangana,2021,1,Nalgonda District,517727,27638199
Telangana,2021,1,Jangaon District,175735,10737744
Telangana,2021,1,Bhadradri Kothagudem District,354847,19161712
Telangana,2021,1,Warangal Rural District,197677,11246867
Telangana,2021,1,Kumuram Bheem Asifabad District,96381,4981178
Telangana,2021,1,Nizamabad District,485751,21011313
Telangana,2021,1,Adilabad District,138946,6058994
Telangana,2021,1,Rajanna Sircilla District,172651,7870680
Telangana,2021,1,Nagarkurnool District,245417,14130703
Telangana,2021,1,Peddapalle District,302119,17000004
Telangana,2021,1,Nirmal District,161330,6825009
Telangana,2021,1,Mahabubabad District,195493,10915276
Telangana,2021,1,Sangareddy District,767476,40044462
Telangana,2021,1,Wanaparthy District,140134,7311810
Telangana,2021,1,Vikarabad District,222697,10478282
Telangana,2021,1,Jagtial District,276806,11635474
Telangana,2021,1,Yadadri Bhuvanagiri District,263598,15881813
Telangana,2021,1,Medak District,190586,9500652
Telangana,2021,1,Mahbubnagar District,290086,14780834
Telangana,2021,1,Jaya Shankar Bhalupally District,118229,7311296
Telangana,2021,1,Warangal Urban District,620947,35661562
Telangana,2021,1,Rangareddy District,2906635,164961999
Telangana,2021,1,Hyderabad District,3379663,171306090
Telangana,2021,1,Suryapet District,320013,16329250
Telangana,2021,1,Jogulamba Gadwal District,150765,6985199
Telangana,2021,1,Kamareddy District,240460,11023229
Telangana,2021,1,Mulugu District,71073,4160226
Telangana,2021,1,Medchal Malkajgiri District,2450573,146584671
Telangana,2021,1,Karimnagar District,459407,23293364
Telangana,2021,1,Mancherial District,285446,16741307
Telangana,2021,1,Siddipet District,346000,18464802
Telangana,2021,1,Khammam District,497818,25126745
Telangana,2020,1,Narayanpet District,69951,2186909
Telangana,2020,1,Nalgonda District,351793,11703188
Telangana,2020,1,Jangaon District,122645,4911939
Telangana,2020,1,Bhadradri Kothagudem District,240218,7950598
Telangana,2020,1,Warangal Rural District,138279,5651289
Telangana,2020,1,Kumuram Bheem Asifabad District,62210,1866471
Telangana,2020,1,Nizamabad District,320572,8519695
Telangana,2020,1,Adilabad District,90082,2265159
Telangana,2020,1,Rajanna Sircilla District,119857,3358921
Telangana,2020,1,Nagarkurnool District,165017,6257385
Telangana,2020,1,Peddapalle District,219359,7505646
Telangana,2020,1,Nirmal District,105257,2811442
Telangana,2020,1,Mahabubabad District,133329,4878564
Telangana,2020,1,Sangareddy District,542540,17730360
Telangana,2020,1,Wanaparthy District,95305,3260565
Telangana,2020,1,Vikarabad District,146927,4501087
Telangana,2020,1,Jagtial District,186557,4571872
Telangana,2020,1,Yadadri Bhuvanagiri District,184218,7042753
Telangana,2020,1,Medak District,131276,4325061
Telangana,2020,1,Mahbubnagar District,198442,6473191
Telangana,2020,1,Jaya Shankar Bhalupally District,83741,3416159
Telangana,2020,1,Warangal Urban District,457591,18169055
Telangana,2020,1,Rangareddy District,2166829,92956758
Telangana,2020,1,Hyderabad District,2483843,94202316
Telangana,2020,1,Suryapet District,215377,6397940
Telangana,2020,1,Jogulamba Gadwal District,98743,3023309
Telangana,2020,1,Kamareddy District,162054,4963635
Telangana,2020,1,Mulugu District,47202,1912194
Telangana,2020,1,Medchal Malkajgiri District,1845599,76127707
Telangana,2020,1,Karimnagar District,334300,10431331
Telangana,2020,1,Mancherial District,201832,6523023
Telangana,2020,1,Siddipet District,245168,8153463
Telangana,2020,1,Khammam District,340747,10674831
Telangana,2018,1,Narayanpet District,13945,0
Telangana,2018,1,Nalgonda District,84459,0
Telangana,2018,1,Jangaon District,30373,0
Telangana,2018,1,Bhadradri Kothagudem District,57366,0
Telangana,2018,1,Warangal Rural District,36701,0
Telangana,2018,1,Kumuram Bheem Asifabad District,13448,0
Telangana,2018,1,Nizamabad District,77516,0
Telangana,2018,1,Adilabad District,20180,0
Telangana,2018,1,Rajanna Sircilla District,32891,0
Telangana,2018,1,Nagarkurnool District,32570,0
Telangana,2018,1,Peddapalle District,67418,0
Telangana,2018,1,Nirmal District,25519,0
Telangana,2018,1,Mahabubabad District,32847,0
Telangana,2018,1,Sangareddy District,142807,0
Telangana,2018,1,Wanaparthy District,20785,0
Telangana,2018,1,Vikarabad District,29719,0
Telangana,2018,1,Jagtial District,51382,0
Telangana,2018,1,Yadadri Bhuvanagiri District,45267,0
Telangana,2018,1,Medak District,29694,0
Telangana,2018,1,Mahbubnagar District,45445,0
Telangana,2018,1,Jaya Shankar Bhalupally District,21824,0
Telangana,2018,1,Warangal Urban District,133840,0
Telangana,2018,1,Rangareddy District,635175,0
Telangana,2018,1,Hyderabad District,655175,0
Telangana,2018,1,Suryapet District,52906,0
Telangana,2018,1,Jogulamba Gadwal District,21686,0
Telangana,2018,1,Kamareddy District,38028,0
Telangana,2018,1,Mulugu District,10977,0
Telangana,2018,1,Medchal Malkajgiri District,549429,0
Telangana,2018,1,Karimnagar District,100028,0
Telangana,2018,1,Mancherial District,59684,0
Telangana,2018,1,Siddipet District,61535,0
Telangana,2018,1,Khammam District,84941,0
Manipur,2022,1,Kangpokpi District,25589,1969108
Manipur,2022,1,Noney District,4525,821300
Manipur,2022,1,Imphal East District,81134,1040166
Manipur,2022,1,Thoubal District,38088,521538
Manipur,2022,1,Kakching District,17014,331592
Manipur,2022,1,Jiribam District,6842,373094
Manipur,2022,1,Ukhrul District,12728,1325142
Manipur,2022,1,Tamenglong District,10719,2895585
Manipur,2022,1,Kamjong District,2128,830279
Manipur,2022,1,Chandel District,8724,1216929
Manipur,2022,1,Bishnupur District,36514,1296613
Manipur,2022,1,Senapati District,2286,5363948
Manipur,2022,1,Pherzawl District,918,309373
Manipur,2022,1,Churachandpur District,31533,2171488
Manipur,2022,1,Tengnoupal District,8027,930673
Manipur,2022,1,Imphal West District,125131,1240919
Manipur,2024,1,Kangpokpi District,36739,4598898
Manipur,2024,1,Noney District,6533,5108565
Manipur,2024,1,Imphal East District,115869,3161656
Manipur,2024,1,Thoubal District,54656,1984452
Manipur,2024,1,Kakching District,24577,1088993
Manipur,2024,1,Jiribam District,10008,709466
Manipur,2024,1,Ukhrul District,18087,5029019
Manipur,2024,1,Tamenglong District,15465,9533003
Manipur,2024,1,Kamjong District,3009,309702
Manipur,2024,1,Chandel District,12511,2748224
Manipur,2024,1,Bishnupur District,52163,3567739
Manipur,2024,1,Senapati District,3259,14199104
Manipur,2024,1,Pherzawl District,1326,342835
Manipur,2024,1,Churachandpur District,45497,1625511
Manipur,2024,1,Tengnoupal District,11618,2609206
Manipur,2024,1,Imphal West District,178251,3142389
Manipur,2023,1,Kangpokpi District,30917,3790975
Manipur,2023,1,Noney District,5349,1387390
Manipur,2023,1,Imphal East District,98499,1036986
Manipur,2023,1,Thoubal District,46248,522679
Manipur,2023,1,Kakching District,20700,193416
Manipur,2023,1,Jiribam District,8381,1001353
Manipur,2023,1,Ukhrul District,15024,1662739
Manipur,2023,1,Tamenglong District,12843,2800286
Manipur,2023,1,Kamjong District,2411,903645
Manipur,2023,1,Chandel District,10406,1538087
Manipur,2023,1,Bishnupur District,44031,1311460
Manipur,2023,1,Senapati District,2658,8444325
Manipur,2023,1,Pherzawl District,1020,401858
Manipur,2023,1,Churachandpur District,38361,1887069
Manipur,2023,1,Tengnoupal District,9712,1181144
Manipur,2023,1,Imphal West District,151777,1355662
Manipur,2019,1,Kangpokpi District,5212,0
Manipur,2019,1,Noney District,919,0
Manipur,2019,1,Imphal East District,21136,0
Manipur,2019,1,Thoubal District,9529,0
Manipur,2019,1,Kakching District,3850,0
Manipur,2019,1,Jiribam District,1759,0
Manipur,2019,1,Ukhrul District,2368,0
Manipur,2019,1,Tamenglong District,2148,0
Manipur,2019,1,Kamjong District,382,0
Manipur,2019,1,Chandel District,1691,0
Manipur,2019,1,Bishnupur District,8537,0
Manipur,2019,1,Senapati District,451,0
Manipur,2019,1,Pherzawl District,98,0
Manipur,2019,1,Churachandpur District,6138,0
Manipur,2019,1,Tengnoupal District,1641,0
Manipur,2019,1,Imphal West District,33668,0
Manipur,2021,1,Kangpokpi District,19239,252420
Manipur,2021,1,Noney District,3286,55982
Manipur,2021,1,Imphal East District,62004,693766
Manipur,2021,1,Thoubal District,29072,314602
Manipur,2021,1,Kakching District,12888,123152
Manipur,2021,1,Jiribam District,5045,68826
Manipur,2021,1,Ukhrul District,9372,97569
Manipur,2021,1,Tamenglong District,7960,102778
Manipur,2021,1,Kamjong District,1481,28955
Manipur,2021,1,Chandel District,6467,107475
Manipur,2021,1,Bishnupur District,27615,304856
Manipur,2021,1,Senapati District,1655,102591
Manipur,2021,1,Pherzawl District,607,9375
Manipur,2021,1,Churachandpur District,23827,278146
Manipur,2021,1,Tengnoupal District,6049,83331
Manipur,2021,1,Imphal West District,96101,1085403
Manipur,2020,1,Kangpokpi District,10241,147812
Manipur,2020,1,Noney District,1787,41247
Manipur,2020,1,Imphal East District,36105,420094
Manipur,2020,1,Thoubal District,16244,175401
Manipur,2020,1,Kakching District,7075,74982
Manipur,2020,1,Jiribam District,3051,37923
Manipur,2020,1,Ukhrul District,4892,59944
Manipur,2020,1,Tamenglong District,4169,67905
Manipur,2020,1,Kamjong District,755,13665
Manipur,2020,1,Chandel District,3471,62247
Manipur,2020,1,Bishnupur District,15333,173021
Manipur,2020,1,Senapati District,922,47684
Manipur,2020,1,Pherzawl District,245,5039
Manipur,2020,1,Churachandpur District,12420,166120
Manipur,2020,1,Tengnoupal District,3179,53112
Manipur,2020,1,Imphal West District,57485,629446
Manipur,2018,1,Kangpokpi District,1439,0
Manipur,2018,1,Noney District,216,0
Manipur,2018,1,Imphal East District,6759,0
Manipur,2018,1,Thoubal District,2764,0
Manipur,2018,1,Kakching District,915,0
Manipur,2018,1,Jiribam District,460,0
Manipur,2018,1,Ukhrul District,602,0
Manipur,2018,1,Tamenglong District,550,0
Manipur,2018,1,Kamjong District,108,0
Manipur,2018,1,Chandel District,452,0
Manipur,2018,1,Bishnupur District,2371,0
Manipur,2018,1,Senapati District,85,0
Manipur,2018,1,Pherzawl District,24,0
Manipur,2018,1,Churachandpur District,1524,0
Manipur,2018,1,Tengnoupal District,352,0
Manipur,2018,1,Imphal West District,11304,0
Haryana,2022,1,Yamunanagar District,342886,5261303
Haryana,2022,1,Sonipat District,626016,8614006
Haryana,2022,1,Jind District,362830,10010350
Haryana,2022,1,Rohtak District,432623,11550480
Haryana,2022,1,Faridabad District,1654074,12225903
Haryana,2022,1,Mahendragarh District,351808,9461334
Haryana,2022,1,Hisar District,689980,21824961
Haryana,2022,1,Karnal District,527415,8478743
Haryana,2022,1,Fatehabad District,283380,9129258
Haryana,2022,1,Palwal District,441872,7644104
Haryana,2022,1,Charkhi Dadri District,117471,3325337
Haryana,2022,1,Ambala District,401530,4395015
Haryana,2022,1,Rewari District,595001,7829983
Haryana,2022,1,Panchkula District,290799,3228748
Haryana,2022,1,Bhiwani District,400556,19969949
Haryana,2022,1,Sirsa District,411238,15813675
Haryana,2022,1,Mewat District,377036,8636382
Haryana,2022,1,Panipat District,556104,6462976
Haryana,2022,1,Gurugram District,2929873,21160321
Haryana,2022,1,Kaithal District,288578,8668955
Haryana,2022,1,Kurukshetra District,340030,4582898
Haryana,2022,1,Jhajjar District,445888,8953786
Haryana,2024,1,Yamunanagar District,481727,16474619
Haryana,2024,1,Sonipat District,892110,19153667
Haryana,2024,1,Jind District,515893,17766861
Haryana,2024,1,Rohtak District,612619,18232550
Haryana,2024,1,Faridabad District,2342026,12021069
Haryana,2024,1,Mahendragarh District,505857,9845270
Haryana,2024,1,Hisar District,981843,28909760
Haryana,2024,1,Karnal District,741880,20395870
Haryana,2024,1,Fatehabad District,401953,17156905
Haryana,2024,1,Palwal District,630556,11060445
Haryana,2024,1,Charkhi Dadri District,168657,2846519
Haryana,2024,1,Ambala District,564748,10570668
Haryana,2024,1,Rewari District,850468,7233620
Haryana,2024,1,Panchkula District,409382,5416099
Haryana,2024,1,Bhiwani District,575590,24555177
Haryana,2024,1,Sirsa District,582023,30454364
Haryana,2024,1,Mewat District,542539,19314495
Haryana,2024,1,Panipat District,791258,17789586
Haryana,2024,1,Gurugram District,4134124,23592547
Haryana,2024,1,Kaithal District,409446,19019535
Haryana,2024,1,Kurukshetra District,474951,13029640
Haryana,2024,1,Jhajjar District,638613,12013709
Haryana,2023,1,Yamunanagar District,414986,7866007
Haryana,2023,1,Sonipat District,764865,11625437
Haryana,2023,1,Jind District,441504,14216848
Haryana,2023,1,Rohtak District,527046,16091318
Haryana,2023,1,Faridabad District,2018956,10283031
Haryana,2023,1,Mahendragarh District,430911,12274162
Haryana,2023,1,Hisar District,846309,29820179
Haryana,2023,1,Karnal District,638547,12403580
Haryana,2023,1,Fatehabad District,344515,13027091
Haryana,2023,1,Palwal District,540064,8165880
Haryana,2023,1,Charkhi Dadri District,143804,5726434
Haryana,2023,1,Ambala District,486481,5334526
Haryana,2023,1,Rewari District,728428,7651433
Haryana,2023,1,Panchkula District,352286,5096706
Haryana,2023,1,Bhiwani District,489622,23288893
Haryana,2023,1,Sirsa District,499413,21379822
Haryana,2023,1,Mewat District,462550,8324447
Haryana,2023,1,Panipat District,679052,8499970
Haryana,2023,1,Gurugram District,3572322,17085217
Haryana,2023,1,Kaithal District,350582,9619468
Haryana,2023,1,Kurukshetra District,410056,5729756
Haryana,2023,1,Jhajjar District,545862,11436061
Haryana,2019,1,Yamunanagar District,111935,0
Haryana,2019,1,Sonipat District,199593,0
Haryana,2019,1,Jind District,121923,0
Haryana,2019,1,Rohtak District,147392,0
Haryana,2019,1,Faridabad District,634024,0
Haryana,2019,1,Mahendragarh District,109746,0
Haryana,2019,1,Hisar District,245236,0
Haryana,2019,1,Karnal District,177042,0
Haryana,2019,1,Fatehabad District,101001,0
Haryana,2019,1,Palwal District,141953,0
Haryana,2019,1,Charkhi Dadri District,35788,0
Haryana,2019,1,Ambala District,136012,0
Haryana,2019,1,Rewari District,207051,0
Haryana,2019,1,Panchkula District,105044,0
Haryana,2019,1,Bhiwani District,132014,0
Haryana,2019,1,Sirsa District,146936,0
Haryana,2019,1,Mewat District,92292,0
Haryana,2019,1,Panipat District,181548,0
Haryana,2019,1,Gurugram District,1159832,0
Haryana,2019,1,Kaithal District,97311,0
Haryana,2019,1,Kurukshetra District,115295,0
Haryana,2019,1,Jhajjar District,139799,0
Haryana,2021,1,Yamunanagar District,261709,4171624
Haryana,2021,1,Sonipat District,475192,10259395
Haryana,2021,1,Jind District,273932,4823696
Haryana,2021,1,Rohtak District,329147,7034036
Haryana,2021,1,Faridabad District,1272506,37824622
Haryana,2021,1,Mahendragarh District,265121,7786463
Haryana,2021,1,Hisar District,526528,11468230
Haryana,2021,1,Karnal District,402850,7618470
Haryana,2021,1,Fatehabad District,215301,3757518
Haryana,2021,1,Palwal District,335048,12710006
Haryana,2021,1,Charkhi Dadri District,88122,2051877
Haryana,2021,1,Ambala District,307153,5271257
Haryana,2021,1,Rewari District,453500,14968730
Haryana,2021,1,Panchkula District,223482,3991694
Haryana,2021,1,Bhiwani District,301458,7059970
Haryana,2021,1,Sirsa District,310911,5229914
Haryana,2021,1,Mewat District,284058,12278997
Haryana,2021,1,Panipat District,423131,8104365
Haryana,2021,1,Gurugram District,2262589,83093025
Haryana,2021,1,Kaithal District,218191,3635272
Haryana,2021,1,Kurukshetra District,260673,5020980
Haryana,2021,1,Jhajjar District,337303,8526542
Haryana,2020,1,Yamunanagar District,178961,2625978
Haryana,2020,1,Sonipat District,325111,5887001
Haryana,2020,1,Jind District,190347,3049401
Haryana,2020,1,Rohtak District,231317,3889336
Haryana,2020,1,Faridabad District,935992,22162012
Haryana,2020,1,Mahendragarh District,181158,3850212
Haryana,2020,1,Hisar District,382469,6580784
Haryana,2020,1,Karnal District,283270,4897515
Haryana,2020,1,Fatehabad District,152969,2162924
Haryana,2020,1,Palwal District,233542,6895425
Haryana,2020,1,Charkhi Dadri District,59348,1013262
Haryana,2020,1,Ambala District,215379,3471937
Haryana,2020,1,Rewari District,323001,7633507
Haryana,2020,1,Panchkula District,160534,2591842
Haryana,2020,1,Bhiwani District,208228,3705008
Haryana,2020,1,Sirsa District,219623,3131069
Haryana,2020,1,Mewat District,176392,5813427
Haryana,2020,1,Panipat District,293916,4951364
Haryana,2020,1,Gurugram District,1700505,52800456
Haryana,2020,1,Kaithal District,151832,2465825
Haryana,2020,1,Kurukshetra District,184817,3491337
Haryana,2020,1,Jhajjar District,230059,4723846
Haryana,2018,1,Yamunanagar District,46198,0
Haryana,2018,1,Sonipat District,79638,0
Haryana,2018,1,Jind District,51815,0
Haryana,2018,1,Rohtak District,62452,0
Haryana,2018,1,Faridabad District,231504,0
Haryana,2018,1,Mahendragarh District,45460,0
Haryana,2018,1,Hisar District,113872,0
Haryana,2018,1,Karnal District,73612,0
Haryana,2018,1,Fatehabad District,48955,0
Haryana,2018,1,Palwal District,48774,0
Haryana,2018,1,Charkhi Dadri District,14712,0
Haryana,2018,1,Ambala District,54127,0
Haryana,2018,1,Rewari District,85350,0
Haryana,2018,1,Panchkula District,41867,0
Haryana,2018,1,Bhiwani District,57585,0
Haryana,2018,1,Sirsa District,70800,0
Haryana,2018,1,Mewat District,29541,0
Haryana,2018,1,Panipat District,74739,0
Haryana,2018,1,Gurugram District,474081,0
Haryana,2018,1,Kaithal District,41222,0
Haryana,2018,1,Kurukshetra District,47932,0
Haryana,2018,1,Jhajjar District,53121,0
Gujarat,2022,1,Anand District,514400,7167547
Gujarat,2022,1,Jamnagar District,352844,11272088
Gujarat,2022,1,Devbhumi Dwarka District,123599,10163939
Gujarat,2022,1,Rajkot District,889499,21835586
Gujarat,2022,1,Aravallis District,195778,13826407
Gujarat,2022,1,Chhotaudepur District,83102,9593557
Gujarat,2022,1,Botad District,167646,11054773
Gujarat,2022,1,Bharuch District,722367,22613416
Gujarat,2022,1,Bhavnagar District,593259,14665634
Gujarat,2022,1,Junagadh District,255421,10584411
Gujarat,2022,1,Mahesana District,656908,15122677
Gujarat,2022,1,The Dangs District,23744,5058807
Gujarat,2022,1,Kheda District,401982,10309975
Gujarat,2022,1,Surat District,3210535,25388620
Gujarat,2022,1,Porbandar District,89084,3467401
Gujarat,2022,1,Gandhinagar District,799301,9240181
Gujarat,2022,1,Panch Mahals District,263066,11638061
Gujarat,2022,1,Narmada District,73152,10102922
Gujarat,2022,1,Gir Somnath District,217816,7182103
Gujarat,2022,1,Valsad District,643742,11625495
Gujarat,2022,1,Mahisagar District,118430,8605093
Gujarat,2022,1,Sabar Kantha District,342020,15498082
Gujarat,2022,1,Tapi District,135297,8491029
Gujarat,2022,1,Vadodara District,1368210,17275828
Gujarat,2022,1,Banas Kantha District,802470,50103535
Gujarat,2022,1,Amreli District,253714,21192598
Gujarat,2022,1,Ahmadabad District,3897869,37428068
Gujarat,2022,1,Dohad District,194298,13091132
Gujarat,2022,1,Navsari District,283795,7740515
Gujarat,2022,1,Patan District,329312,17459087
Gujarat,2022,1,Kachchh District,671465,46433002
Gujarat,2022,1,Surendranagar District,315677,22854956
Gujarat,2022,1,Morbi District,275512,13690414
Gujarat,2024,1,Anand District,725286,47712353
Gujarat,2024,1,Jamnagar District,502043,103491091
Gujarat,2024,1,Devbhumi Dwarka District,177051,55135369
Gujarat,2024,1,Rajkot District,1258350,153387378
Gujarat,2024,1,Aravallis District,280637,41011031
Gujarat,2024,1,Chhotaudepur District,119543,76259410
Gujarat,2024,1,Botad District,241676,31722303
Gujarat,2024,1,Bharuch District,1032496,65684071
Gujarat,2024,1,Bhavnagar District,849932,69328239
Gujarat,2024,1,Junagadh District,362721,55200486
Gujarat,2024,1,Mahesana District,931768,44584198
Gujarat,2024,1,The Dangs District,33734,44394519
Gujarat,2024,1,Kheda District,574412,41455807
Gujarat,2024,1,Surat District,4569769,60117201
Gujarat,2024,1,Porbandar District,126509,34106094
Gujarat,2024,1,Gandhinagar District,1122367,26275839
Gujarat,2024,1,Panch Mahals District,378230,71211579
Gujarat,2024,1,Narmada District,104913,59601688
Gujarat,2024,1,Gir Somnath District,314774,31816020
Gujarat,2024,1,Valsad District,919660,69230695
Gujarat,2024,1,Mahisagar District,170321,52391947
Gujarat,2024,1,Sabar Kantha District,486544,69518281
Gujarat,2024,1,Tapi District,191321,29632547
Gujarat,2024,1,Vadodara District,1923948,62236670
Gujarat,2024,1,Banas Kantha District,1165004,180333087
Gujarat,2024,1,Amreli District,364743,90760710
Gujarat,2024,1,Ahmadabad District,5485010,78387058
Gujarat,2024,1,Dohad District,279800,92944959
Gujarat,2024,1,Navsari District,400390,20591803
Gujarat,2024,1,Patan District,475027,93489428
Gujarat,2024,1,Kachchh District,962243,218768815
Gujarat,2024,1,Surendranagar District,454008,130488828
Gujarat,2024,1,Morbi District,397742,90530684
Gujarat,2023,1,Anand District,622872,11094924
Gujarat,2023,1,Jamnagar District,428091,21680075
Gujarat,2023,1,Devbhumi Dwarka District,148801,18769135
Gujarat,2023,1,Rajkot District,1079736,39239734
Gujarat,2023,1,Aravallis District,238121,28001732
Gujarat,2023,1,Chhotaudepur District,100145,18084906
Gujarat,2023,1,Botad District,204401,17674036
Gujarat,2023,1,Bharuch District,881508,35066869
Gujarat,2023,1,Bhavnagar District,722197,29045885
Gujarat,2023,1,Junagadh District,308246,17876630
Gujarat,2023,1,Mahesana District,798353,22683144
Gujarat,2023,1,The Dangs District,28390,11092861
Gujarat,2023,1,Kheda District,489299,16496752
Gujarat,2023,1,Surat District,3919829,31170398
Gujarat,2023,1,Porbandar District,107378,6961510
Gujarat,2023,1,Gandhinagar District,968586,12538501
Gujarat,2023,1,Panch Mahals District,320798,22409437
Gujarat,2023,1,Narmada District,88517,15549721
Gujarat,2023,1,Gir Somnath District,266205,14183188
Gujarat,2023,1,Valsad District,786811,22096341
Gujarat,2023,1,Mahisagar District,143947,18381216
Gujarat,2023,1,Sabar Kantha District,415319,24713550
Gujarat,2023,1,Tapi District,163181,20730719
Gujarat,2023,1,Vadodara District,1658232,27075998
Gujarat,2023,1,Banas Kantha District,985280,96676164
Gujarat,2023,1,Amreli District,306770,33221816
Gujarat,2023,1,Ahmadabad District,4734630,51443909
Gujarat,2023,1,Dohad District,236847,28965819
Gujarat,2023,1,Navsari District,343293,13483688
Gujarat,2023,1,Patan District,402483,30561359
Gujarat,2023,1,Kachchh District,817441,89545643
Gujarat,2023,1,Surendranagar District,383186,46572566
Gujarat,2023,1,Morbi District,337337,25380718
Gujarat,2019,1,Anand District,175515,0
Gujarat,2019,1,Jamnagar District,121494,0
Gujarat,2019,1,Devbhumi Dwarka District,38898,0
Gujarat,2019,1,Rajkot District,304415,0
Gujarat,2019,1,Aravallis District,56005,0
Gujarat,2019,1,Chhotaudepur District,20287,0
Gujarat,2019,1,Botad District,58126,0
Gujarat,2019,1,Bharuch District,252826,0
Gujarat,2019,1,Bhavnagar District,203617,0
Gujarat,2019,1,Junagadh District,82263,0
Gujarat,2019,1,Mahesana District,230403,0
Gujarat,2019,1,The Dangs District,6307,0
Gujarat,2019,1,Kheda District,124598,0
Gujarat,2019,1,Surat District,1180819,0
Gujarat,2019,1,Porbandar District,28860,0
Gujarat,2019,1,Gandhinagar District,291858,0
Gujarat,2019,1,Panch Mahals District,81863,0
Gujarat,2019,1,Narmada District,19105,0
Gujarat,2019,1,Gir Somnath District,69872,0
Gujarat,2019,1,Valsad District,209477,0
Gujarat,2019,1,Mahisagar District,31147,0
Gujarat,2019,1,Sabar Kantha District,109651,0
Gujarat,2019,1,Tapi District,39195,0
Gujarat,2019,1,Vadodara District,502520,0
Gujarat,2019,1,Banas Kantha District,239613,0
Gujarat,2019,1,Amreli District,79690,0
Gujarat,2019,1,Ahmadabad District,1450100,0
Gujarat,2019,1,Dohad District,45141,0
Gujarat,2019,1,Navsari District,91812,0
Gujarat,2019,1,Patan District,101323,0
Gujarat,2019,1,Kachchh District,231871,0
Gujarat,2019,1,Surendranagar District,95904,0
Gujarat,2019,1,Morbi District,77961,0
Gujarat,2021,1,Anand District,395164,5855859
Gujarat,2021,1,Jamnagar District,267315,3413685
Gujarat,2021,1,Devbhumi Dwarka District,91653,1125352
Gujarat,2021,1,Rajkot District,677301,7803138
Gujarat,2021,1,Aravallis District,146811,2774336
Gujarat,2021,1,Chhotaudepur District,61097,970270
Gujarat,2021,1,Botad District,126302,1642524
Gujarat,2021,1,Bharuch District,548541,12399575
Gujarat,2021,1,Bhavnagar District,450462,5750612
Gujarat,2021,1,Junagadh District,192500,2001820
Gujarat,2021,1,Mahesana District,500511,9595361
Gujarat,2021,1,The Dangs District,17658,350858
Gujarat,2021,1,Kheda District,304909,4828751
Gujarat,2021,1,Surat District,2458596,41476549
Gujarat,2021,1,Porbandar District,67063,725183
Gujarat,2021,1,Gandhinagar District,615315,13654781
Gujarat,2021,1,Panch Mahals District,197602,3236700
Gujarat,2021,1,Narmada District,54427,1070694
Gujarat,2021,1,Gir Somnath District,163763,2007742
Gujarat,2021,1,Valsad District,489062,10057529
Gujarat,2021,1,Mahisagar District,88343,1262035
Gujarat,2021,1,Sabar Kantha District,259578,5343748
Gujarat,2021,1,Tapi District,102144,1963282
Gujarat,2021,1,Vadodara District,1053954,20042908
Gujarat,2021,1,Banas Kantha District,598384,12443664
Gujarat,2021,1,Amreli District,189252,2198433
Gujarat,2021,1,Ahmadabad District,2999575,63813424
Gujarat,2021,1,Dohad District,144445,2338472
Gujarat,2021,1,Navsari District,216841,3189672
Gujarat,2021,1,Patan District,246083,4877445
Gujarat,2021,1,Kachchh District,505517,9800171
Gujarat,2021,1,Surendranagar District,234429,3456434
Gujarat,2021,1,Morbi District,205529,3261867
Gujarat,2020,1,Anand District,277835,4127652
Gujarat,2020,1,Jamnagar District,188224,2298804
Gujarat,2020,1,Devbhumi Dwarka District,61293,730723
Gujarat,2020,1,Rajkot District,469636,5039899
Gujarat,2020,1,Aravallis District,94716,1602742
Gujarat,2020,1,Chhotaudepur District,36116,529547
Gujarat,2020,1,Botad District,88241,1198952
Gujarat,2020,1,Bharuch District,384819,6765391
Gujarat,2020,1,Bhavnagar District,315412,4262838
Gujarat,2020,1,Junagadh District,130231,1358193
Gujarat,2020,1,Mahesana District,349897,6028256
Gujarat,2020,1,The Dangs District,10877,181854
Gujarat,2020,1,Kheda District,204548,3047323
Gujarat,2020,1,Surat District,1772703,27362139
Gujarat,2020,1,Porbandar District,45383,444447
Gujarat,2020,1,Gandhinagar District,445290,8879457
Gujarat,2020,1,Panch Mahals District,129831,1963840
Gujarat,2020,1,Narmada District,33074,595463
Gujarat,2020,1,Gir Somnath District,110211,1337958
Gujarat,2020,1,Valsad District,330053,5604622
Gujarat,2020,1,Mahisagar District,54880,782289
Gujarat,2020,1,Sabar Kantha District,174426,3030789
Gujarat,2020,1,Tapi District,65634,1036092
Gujarat,2020,1,Vadodara District,763969,12483845
Gujarat,2020,1,Banas Kantha District,386212,7051669
Gujarat,2020,1,Amreli District,126423,1611436
Gujarat,2020,1,Ahmadabad District,2185983,40521157
Gujarat,2020,1,Dohad District,81529,1236284
Gujarat,2020,1,Navsari District,146018,1993140
Gujarat,2020,1,Patan District,164027,2890050
Gujarat,2020,1,Kachchh District,347270,5714637
Gujarat,2020,1,Surendranagar District,154610,2101503
Gujarat,2020,1,Morbi District,130472,1792131
Gujarat,2018,1,Anand District,68052,0
Gujarat,2018,1,Jamnagar District,52416,0
Gujarat,2018,1,Devbhumi Dwarka District,15809,0
Gujarat,2018,1,Rajkot District,133017,0
Gujarat,2018,1,Aravallis District,21932,0
Gujarat,2018,1,Chhotaudepur District,6581,0
Gujarat,2018,1,Botad District,23738,0
Gujarat,2018,1,Bharuch District,101575,0
Gujarat,2018,1,Bhavnagar District,87683,0
Gujarat,2018,1,Junagadh District,35171,0
Gujarat,2018,1,Mahesana District,97004,0
Gujarat,2018,1,The Dangs District,2285,0
Gujarat,2018,1,Kheda District,43776,0
Gujarat,2018,1,Surat District,489852,0
Gujarat,2018,1,Porbandar District,12401,0
Gujarat,2018,1,Gandhinagar District,118201,0
Gujarat,2018,1,Panch Mahals District,32263,0
Gujarat,2018,1,Narmada District,6464,0
Gujarat,2018,1,Gir Somnath District,28292,0
Gujarat,2018,1,Valsad District,80138,0
Gujarat,2018,1,Mahisagar District,11048,0
Gujarat,2018,1,Sabar Kantha District,45018,0
Gujarat,2018,1,Tapi District,14231,0
Gujarat,2018,1,Vadodara District,205722,0
Gujarat,2018,1,Banas Kantha District,93506,0
Gujarat,2018,1,Amreli District,31443,0
Gujarat,2018,1,Ahmadabad District,572811,0
Gujarat,2018,1,Dohad District,16212,0
Gujarat,2018,1,Navsari District,35437,0
Gujarat,2018,1,Patan District,41580,0
Gujarat,2018,1,Kachchh District,97838,0
Gujarat,2018,1,Surendranagar District,38223,0
Gujarat,2018,1,Morbi District,30329,0
Sikkim,2022,1,South District,43881,2776181
Sikkim,2022,1,West District,27594,3049668
Sikkim,2022,1,East District,120360,3384215
Sikkim,2022,1,North District,17781,3230129
Sikkim,2024,1,South District,61782,5845705
Sikkim,2024,1,West District,38748,3447804
Sikkim,2024,1,East District,168229,8402762
Sikkim,2024,1,North District,25062,1888089
Sikkim,2023,1,South District,52942,5195700
Sikkim,2023,1,West District,32945,4025814
Sikkim,2023,1,East District,145199,4158937
Sikkim,2023,1,North District,21354,5546776
Sikkim,2019,1,South District,11031,0
Sikkim,2019,1,West District,6479,0
Sikkim,2019,1,East District,36124,0
Sikkim,2019,1,North District,5322,0
Sikkim,2021,1,South District,33490,549002
Sikkim,2021,1,West District,20769,329949
Sikkim,2021,1,East District,92502,1635704
Sikkim,2021,1,North District,13452,280676
Sikkim,2020,1,South District,21043,363778
Sikkim,2020,1,West District,12746,206588
Sikkim,2020,1,East District,61820,973818
Sikkim,2020,1,North District,9022,152979
Sikkim,2018,1,South District,3679,0
Sikkim,2018,1,West District,2048,0
Sikkim,2018,1,East District,12749,0
Sikkim,2018,1,North District,1575,0
Delhi,2022,1,South District,963775,4684890
Delhi,2022,1,Central District,1338465,6409314
Delhi,2022,1,New Delhi District,1336911,6165616
Delhi,2022,1,West District,2017435,8118532
Delhi,2022,1,South West District,1097016,4590648
Delhi,2022,1,South East Delhi District,1628157,7357594
Delhi,2022,1,Shahdara District,826148,2924454
Delhi,2022,1,North East District,739301,3042375
Delhi,2022,1,East District,1013024,3852805
Delhi,2022,1,North West District,1419688,5396333
Delhi,2022,1,North District,1159277,4981592
Delhi,2024,1,South District,1345231,7099061
Delhi,2024,1,Central District,1884700,9854622
Delhi,2024,1,New Delhi District,1871468,8014093
Delhi,2024,1,West District,2837958,11415594
Delhi,2024,1,South West District,1541622,6256241
Delhi,2024,1,South East Delhi District,2291746,10307766
Delhi,2024,1,Shahdara District,1167913,4068339
Delhi,2024,1,North East District,1054875,4076322
Delhi,2024,1,East District,1418866,5605313
Delhi,2024,1,North West District,2008098,6998272
Delhi,2024,1,North District,1644670,6607318
Delhi,2023,1,South District,1167338,4668358
Delhi,2023,1,Central District,1629248,6215071
Delhi,2023,1,New Delhi District,1622600,5117085
Delhi,2023,1,West District,2453869,7209475
Delhi,2023,1,South West District,1333347,3788785
Delhi,2023,1,South East Delhi District,1980915,6467886
Delhi,2023,1,Shahdara District,1007880,2584431
Delhi,2023,1,North East District,906036,2613986
Delhi,2023,1,East District,1230290,3461144
Delhi,2023,1,North West District,1731494,4475947
Delhi,2023,1,North District,1416994,4447621
Delhi,2019,1,South District,407519,0
Delhi,2019,1,Central District,529918,0
Delhi,2019,1,New Delhi District,558516,0
Delhi,2019,1,West District,820526,0
Delhi,2019,1,South West District,467571,0
Delhi,2019,1,South East Delhi District,671667,0
Delhi,2019,1,Shahdara District,310351,0
Delhi,2019,1,North East District,262131,0
Delhi,2019,1,East District,439639,0
Delhi,2019,1,North West District,583438,0
Delhi,2019,1,North District,447987,0
Delhi,2021,1,South District,749173,20969765
Delhi,2021,1,Central District,1035060,31035635
Delhi,2021,1,New Delhi District,1039016,31041137
Delhi,2021,1,West District,1559112,38915888
Delhi,2021,1,South West District,849223,22664421
Delhi,2021,1,South East Delhi District,1260645,37073920
Delhi,2021,1,Shahdara District,636908,14514305
Delhi,2021,1,North East District,567107,13760602
Delhi,2021,1,East District,786308,21924687
Delhi,2021,1,North West District,1094464,26122744
Delhi,2021,1,North District,890194,23178496
Delhi,2020,1,South District,570329,14596406
Delhi,2020,1,Central District,765149,20077306
Delhi,2020,1,New Delhi District,810489,19988931
Delhi,2020,1,West District,1160353,23777985
Delhi,2020,1,South West District,644981,13628530
Delhi,2020,1,South East Delhi District,947535,23452400
Delhi,2020,1,Shahdara District,460186,8525491
Delhi,2020,1,North East District,399504,7741484
Delhi,2020,1,East District,604768,15229722
Delhi,2020,1,North West District,814249,16316454
Delhi,2020,1,North District,648654,14929277
Delhi,2018,1,South District,156706,0
Delhi,2018,1,Central District,202723,0
Delhi,2018,1,New Delhi District,212008,0
Delhi,2018,1,West District,308558,0
Delhi,2018,1,South West District,179197,0
Delhi,2018,1,South East Delhi District,251213,0
Delhi,2018,1,Shahdara District,114549,0
Delhi,2018,1,North East District,95472,0
Delhi,2018,1,East District,169295,0
Delhi,2018,1,North West District,223679,0
Delhi,2018,1,North District,173622,0
West Bengal,2022,1,South Twenty Four Parganas District,1569037,15996447
West Bengal,2022,1,Purba Bardhaman District,962974,10617588
West Bengal,2022,1,Uttar Dinajpur District,488748,10698867
West Bengal,2022,1,Kalimpong District,46360,4063572
West Bengal,2022,1,Murshidabad District,1524507,13223504
West Bengal,2022,1,Paschim Medinipur District,1048100,17208139
West Bengal,2022,1,Dakshin Dinajpur District,348440,4987259
West Bengal,2022,1,Jalpaiguri District,321098,10959051
West Bengal,2022,1,Purulia District,535484,16529605
West Bengal,2022,1,North Twenty Four Parganas District,3224459,16514236
West Bengal,2022,1,Bankura District,790092,16485113
West Bengal,2022,1,Jhargram District,152675,6036561
West Bengal,2022,1,Howrah District,1218931,4852911
West Bengal,2022,1,Hooghly District,1356282,7217576
West Bengal,2022,1,Kolkata District,2340343,8737523
West Bengal,2022,1,Koch Bihar District,459613,11039904
West Bengal,2022,1,Alipurduar District,223296,8375579
West Bengal,2022,1,Paschim Bardhaman District,956754,6555780
West Bengal,2022,1,Nadia District,1164783,8989674
West Bengal,2022,1,Birbhum District,733911,9448003
West Bengal,2022,1,Purba Medinipur District,1155279,8760746
West Bengal,2022,1,Maldah District,812775,11245507
West Bengal,2022,1,Darjiling District,485846,7587920
West Bengal,2024,1,South Twenty Four Parganas District,2243985,42483611
West Bengal,2024,1,Purba Bardhaman District,1377496,28024604
West Bengal,2024,1,Uttar Dinajpur District,716736,31442709
West Bengal,2024,1,Kalimpong District,65762,11444998
West Bengal,2024,1,Murshidabad District,2188015,28628013
West Bengal,2024,1,Paschim Medinipur District,1498903,38126856
West Bengal,2024,1,Dakshin Dinajpur District,511007,21364389
West Bengal,2024,1,Jalpaiguri District,462801,43873728
West Bengal,2024,1,Purulia District,774183,63254947
West Bengal,2024,1,North Twenty Four Parganas District,4570438,26700160
West Bengal,2024,1,Bankura District,1129802,34724845
West Bengal,2024,1,Jhargram District,217964,26760062
West Bengal,2024,1,Howrah District,1737851,6898283
West Bengal,2024,1,Hooghly District,1930844,9174861
West Bengal,2024,1,Kolkata District,3279239,11300557
West Bengal,2024,1,Koch Bihar District,666807,28306320
West Bengal,2024,1,Alipurduar District,321436,42854264
West Bengal,2024,1,Paschim Bardhaman District,1359767,10536398
West Bengal,2024,1,Nadia District,1671140,13679202
West Bengal,2024,1,Birbhum District,1056537,30502875
West Bengal,2024,1,Purba Medinipur District,1655920,18688405
West Bengal,2024,1,Maldah District,1183956,33270738
West Bengal,2024,1,Darjiling District,686254,31485682
West Bengal,2023,1,South Twenty Four Parganas District,1913867,20248010
West Bengal,2023,1,Purba Bardhaman District,1171416,14024827
West Bengal,2023,1,Uttar Dinajpur District,604337,18402983
West Bengal,2023,1,Kalimpong District,55972,7440098
West Bengal,2023,1,Murshidabad District,1868610,15071851
West Bengal,2023,1,Paschim Medinipur District,1274166,21510664
West Bengal,2023,1,Dakshin Dinajpur District,429466,7605293
West Bengal,2023,1,Jalpaiguri District,392646,18371583
West Bengal,2023,1,Purulia District,652528,25640046
West Bengal,2023,1,North Twenty Four Parganas District,3926974,17361233
West Bengal,2023,1,Bankura District,957561,22629162
West Bengal,2023,1,Jhargram District,184460,11363522
West Bengal,2023,1,Howrah District,1488195,3583925
West Bengal,2023,1,Hooghly District,1651210,7508082
West Bengal,2023,1,Kolkata District,2838411,7291282
West Bengal,2023,1,Koch Bihar District,564029,19175942
West Bengal,2023,1,Alipurduar District,272997,12835964
West Bengal,2023,1,Paschim Bardhaman District,1165703,9386585
West Bengal,2023,1,Nadia District,1423179,9249475
West Bengal,2023,1,Birbhum District,896009,14218972
West Bengal,2023,1,Purba Medinipur District,1409101,11139071
West Bengal,2023,1,Maldah District,1002068,15639770
West Bengal,2023,1,Darjiling District,589990,11404341
West Bengal,2019,1,South Twenty Four Parganas District,487180,0
West Bengal,2019,1,Purba Bardhaman District,340321,0
West Bengal,2019,1,Uttar Dinajpur District,144521,0
West Bengal,2019,1,Kalimpong District,10477,0
West Bengal,2019,1,Murshidabad District,478812,0
West Bengal,2019,1,Paschim Medinipur District,361979,0
West Bengal,2019,1,Dakshin Dinajpur District,115269,0
West Bengal,2019,1,Jalpaiguri District,92118,0
West Bengal,2019,1,Purulia District,190392,0
West Bengal,2019,1,North Twenty Four Parganas District,1130983,0
West Bengal,2019,1,Bankura District,288329,0
West Bengal,2019,1,Jhargram District,53153,0
West Bengal,2019,1,Howrah District,410583,0
West Bengal,2019,1,Hooghly District,480952,0
West Bengal,2019,1,Kolkata District,868126,0
West Bengal,2019,1,Koch Bihar District,131010,0
West Bengal,2019,1,Alipurduar District,64136,0
West Bengal,2019,1,Paschim Bardhaman District,349928,0
West Bengal,2019,1,Nadia District,385179,0
West Bengal,2019,1,Birbhum District,265201,0
West Bengal,2019,1,Purba Medinipur District,389583,0
West Bengal,2019,1,Maldah District,266012,0
West Bengal,2019,1,Darjiling District,145181,0
West Bengal,2021,1,South Twenty Four Parganas District,1202229,21591489
West Bengal,2021,1,Purba Bardhaman District,736414,12509473
West Bengal,2021,1,Uttar Dinajpur District,364508,6914186
West Bengal,2021,1,Kalimpong District,34881,525429
West Bengal,2021,1,Murshidabad District,1166975,18555993
West Bengal,2021,1,Paschim Medinipur District,800530,15570980
West Bengal,2021,1,Dakshin Dinajpur District,262176,3213720
West Bengal,2021,1,Jalpaiguri District,241123,4313032
West Bengal,2021,1,Purulia District,406012,6414833
West Bengal,2021,1,North Twenty Four Parganas District,2491076,53434882
West Bengal,2021,1,Bankura District,604485,9129830
West Bengal,2021,1,Jhargram District,115812,2140829
West Bengal,2021,1,Howrah District,940133,17584219
West Bengal,2021,1,Hooghly District,1046242,19808381
West Bengal,2021,1,Kolkata District,1823074,39347629
West Bengal,2021,1,Koch Bihar District,345201,5796542
West Bengal,2021,1,Alipurduar District,167837,3103865
West Bengal,2021,1,Paschim Bardhaman District,738540,14154334
West Bengal,2021,1,Nadia District,893107,16082294
West Bengal,2021,1,Birbhum District,558494,8668586
West Bengal,2021,1,Purba Medinipur District,884605,18408378
West Bengal,2021,1,Maldah District,613320,12880352
West Bengal,2021,1,Darjiling District,372025,6683418
West Bengal,2020,1,South Twenty Four Parganas District,820857,13296644
West Bengal,2020,1,Purba Bardhaman District,535655,9064338
West Bengal,2020,1,Uttar Dinajpur District,244309,3676444
West Bengal,2020,1,Kalimpong District,20625,265454
West Bengal,2020,1,Murshidabad District,830132,11493177
West Bengal,2020,1,Paschim Medinipur District,572195,11239784
West Bengal,2020,1,Dakshin Dinajpur District,185263,2194988
West Bengal,2020,1,Jalpaiguri District,156901,2417059
West Bengal,2020,1,Purulia District,295685,4935551
West Bengal,2020,1,North Twenty Four Parganas District,1789973,35287689
West Bengal,2020,1,Bankura District,456100,8602495
West Bengal,2020,1,Jhargram District,83390,1492453
West Bengal,2020,1,Howrah District,654600,10773200
West Bengal,2020,1,Hooghly District,755631,13468675
West Bengal,2020,1,Kolkata District,1336585,23772049
West Bengal,2020,1,Koch Bihar District,221552,3352224
West Bengal,2020,1,Alipurduar District,108508,1641996
West Bengal,2020,1,Paschim Bardhaman District,538224,9466107
West Bengal,2020,1,Nadia District,633794,10706723
West Bengal,2020,1,Birbhum District,415614,6782790
West Bengal,2020,1,Purba Medinipur District,632173,12408061
West Bengal,2020,1,Maldah District,427905,7190583
West Bengal,2020,1,Darjiling District,245151,3539734
West Bengal,2018,1,South Twenty Four Parganas District,142473,0
West Bengal,2018,1,Purba Bardhaman District,119528,0
West Bengal,2018,1,Uttar Dinajpur District,50400,0
West Bengal,2018,1,Kalimpong District,3090,0
West Bengal,2018,1,Murshidabad District,187824,0
West Bengal,2018,1,Paschim Medinipur District,127203,0
West Bengal,2018,1,Dakshin Dinajpur District,36948,0
West Bengal,2018,1,Jalpaiguri District,31035,0
West Bengal,2018,1,Purulia District,73427,0
West Bengal,2018,1,North Twenty Four Parganas District,396980,0
West Bengal,2018,1,Bankura District,110008,0
West Bengal,2018,1,Jhargram District,18243,0
West Bengal,2018,1,Howrah District,136589,0
West Bengal,2018,1,Hooghly District,148033,0
West Bengal,2018,1,Kolkata District,306503,0
West Bengal,2018,1,Koch Bihar District,41690,0
West Bengal,2018,1,Alipurduar District,22238,0
West Bengal,2018,1,Paschim Bardhaman District,139310,0
West Bengal,2018,1,Nadia District,136396,0
West Bengal,2018,1,Birbhum District,94598,0
West Bengal,2018,1,Purba Medinipur District,131380,0
West Bengal,2018,1,Maldah District,99061,0
West Bengal,2018,1,Darjiling District,51832,0
Uttar Pradesh,2022,1,Amethi District,283285,9549931
Uttar Pradesh,2022,1,Siddharthnagar District,286990,14567713
Uttar Pradesh,2022,1,Auraiya District,217723,6484845
Uttar Pradesh,2022,1,Sambhal District,234926,9010245
Uttar Pradesh,2022,1,Kanpur Nagar District,1431918,13306305
Uttar Pradesh,2022,1,Aligarh District,778769,14195820
Uttar Pradesh,2022,1,Mahoba District,117391,9999168
Uttar Pradesh,2022,1,Lucknow District,2348173,14805785
Uttar Pradesh,2022,1,Sant Kabeer Nagar District,220942,4404751
Uttar Pradesh,2022,1,Hathras District,264734,6198459
Uttar Pradesh,2022,1,Budaun District,310467,16137282
Uttar Pradesh,2022,1,Moradabad District,528459,9111603
Uttar Pradesh,2022,1,Kushinagar District,585162,8878928
Uttar Pradesh,2022,1,Baghpat District,273913,5613358
Uttar Pradesh,2022,1,Shahjahanpur District,359822,13459500
Uttar Pradesh,2022,1,Muzaffarnagar District,510605,11229672
Uttar Pradesh,2022,1,Ambedkar Nagar District,347805,5487699
Uttar Pradesh,2022,1,Bahraich District,262870,16665248
Uttar Pradesh,2022,1,Jalaun District,263573,18544106
Uttar Pradesh,2022,1,Rampur District,282442,9425506
Uttar Pradesh,2022,1,Ballia District,548285,7592872
Uttar Pradesh,2022,1,Shravasti District,68179,5565051
Uttar Pradesh,2022,1,Kasganj District,182189,5935949
Uttar Pradesh,2022,1,Varanasi District,1406056,6339961
Uttar Pradesh,2022,1,Gautam Buddha Nagar District,2822463,19662404
Uttar Pradesh,2022,1,Basti District,368788,7282881
Uttar Pradesh,2022,1,Shamli District,217044,5332538
Uttar Pradesh,2022,1,Maharajganj District,377520,8411383
Uttar Pradesh,2022,1,Etawah District,286261,9145306
Uttar Pradesh,2022,1,Etah District,246989,8342531
Uttar Pradesh,2022,1,Banda District,178647,13262034
Uttar Pradesh,2022,1,Bijnor District,505579,16218600
Uttar Pradesh,2022,1,Hardoi District,369745,19000597
Uttar Pradesh,2022,1,Balrampur District,172888,12140005
Uttar Pradesh,2022,1,Amroha District,279928,8078212
Uttar Pradesh,2022,1,Pilibhit District,267438,9254610
Uttar Pradesh,2022,1,Mainpuri District,285752,8884695
Uttar Pradesh,2022,1,Kanpur Dehat District,215966,13183908
Uttar Pradesh,2022,1,Jaunpur District,745837,8170651
Uttar Pradesh,2022,1,Kaushambi District,146004,5561337
Uttar Pradesh,2022,1,Hapur District,328694,4935570
Uttar Pradesh,2022,1,Hamirpur District,148893,11136453
Uttar Pradesh,2022,1,Meerut District,967325,11174775
Uttar Pradesh,2022,1,Mathura District,719040,15649266
Uttar Pradesh,2022,1,Chitrakoot District,104504,10833118
Uttar Pradesh,2022,1,Lalitpur District,178791,22066384
Uttar Pradesh,2022,1,Mau District,335310,3294192
Uttar Pradesh,2022,1,Mirzapur District,359993,14164109
Uttar Pradesh,2022,1,Bulandshahr District,612406,13024759
Uttar Pradesh,2022,1,Gonda District,350931,15186086
Uttar Pradesh,2022,1,Jhansi District,529169,20172645
Uttar Pradesh,2022,1,Chandauli District,343632,6279911
Uttar Pradesh,2022,1,Bhadohi District,261266,1976717
Uttar Pradesh,2022,1,Pratapgarh District,425208,9394913
Uttar Pradesh,2022,1,Saharanpur District,665784,17834197
Uttar Pradesh,2022,1,Bara Banki District,335222,11548753
Uttar Pradesh,2022,1,Bareilly District,875033,14178473
Uttar Pradesh,2022,1,Sitapur District,459091,18142935
Uttar Pradesh,2022,1,Sultanpur District,345466,6918627
Uttar Pradesh,2022,1,Agra District,1279852,18048877
Uttar Pradesh,2022,1,Fatehpur District,261545,11261260
Uttar Pradesh,2022,1,Rae Bareli District,301965,9915965
Uttar Pradesh,2022,1,Firozabad District,473859,9080483
Uttar Pradesh,2022,1,Kheri District,514743,17952780
Uttar Pradesh,2022,1,Gorakhpur District,1027283,13510549
Uttar Pradesh,2022,1,Unnao District,337537,13083095
Uttar Pradesh,2022,1,Prayagraj District,1504572,19196760
Uttar Pradesh,2022,1,Sonbhadra District,312416,25876890
Uttar Pradesh,2022,1,Ghazipur District,589549,7240038
Uttar Pradesh,2022,1,Farrukhabad District,266001,7563620
Uttar Pradesh,2022,1,Kannauj District,228510,7913289
Uttar Pradesh,2022,1,Azamgarh District,666213,8513681
Uttar Pradesh,2022,1,Ayodhya District,426442,7593013
Uttar Pradesh,2022,1,Deoria District,563817,5830458
Uttar Pradesh,2022,1,Ghaziabad District,2298103,11991935
Uttar Pradesh,2024,1,Amethi District,412459,27400051
Uttar Pradesh,2024,1,Siddharthnagar District,419741,74523976
Uttar Pradesh,2024,1,Auraiya District,316229,25045838
Uttar Pradesh,2024,1,Sambhal District,338406,49777506
Uttar Pradesh,2024,1,Kanpur Nagar District,2038863,44178328
Uttar Pradesh,2024,1,Aligarh District,1116196,29887061
Uttar Pradesh,2024,1,Mahoba District,171978,36270996
Uttar Pradesh,2024,1,Lucknow District,3309599,38451083
Uttar Pradesh,2024,1,Sant Kabeer Nagar District,324099,10615423
Uttar Pradesh,2024,1,Hathras District,383279,10401970
Uttar Pradesh,2024,1,Budaun District,448663,83958040
Uttar Pradesh,2024,1,Moradabad District,756605,32006796
Uttar Pradesh,2024,1,Kushinagar District,859776,13054842
Uttar Pradesh,2024,1,Baghpat District,390418,10342105
Uttar Pradesh,2024,1,Shahjahanpur District,525540,68362077
Uttar Pradesh,2024,1,Muzaffarnagar District,727767,29199588
Uttar Pradesh,2024,1,Ambedkar Nagar District,509939,7438717
Uttar Pradesh,2024,1,Bahraich District,380792,165461525
Uttar Pradesh,2024,1,Jalaun District,383401,54226688
Uttar Pradesh,2024,1,Rampur District,406952,36281261
Uttar Pradesh,2024,1,Ballia District,799919,13307515
Uttar Pradesh,2024,1,Shravasti District,99409,65773605
Uttar Pradesh,2024,1,Kasganj District,264977,23138617
Uttar Pradesh,2024,1,Varanasi District,2000419,9045274
Uttar Pradesh,2024,1,Gautam Buddha Nagar District,3965080,26947860
Uttar Pradesh,2024,1,Basti District,538611,15412951
Uttar Pradesh,2024,1,Shamli District,310348,16187714
Uttar Pradesh,2024,1,Maharajganj District,553104,36340117
Uttar Pradesh,2024,1,Etawah District,414603,28351593
Uttar Pradesh,2024,1,Etah District,357881,27196200
Uttar Pradesh,2024,1,Banda District,259923,79453463
Uttar Pradesh,2024,1,Bijnor District,724249,40743858
Uttar Pradesh,2024,1,Hardoi District,534801,121241786
Uttar Pradesh,2024,1,Balrampur District,251771,84315069
Uttar Pradesh,2024,1,Amroha District,403289,21816018
Uttar Pradesh,2024,1,Pilibhit District,389195,39950637
Uttar Pradesh,2024,1,Mainpuri District,414239,33493341
Uttar Pradesh,2024,1,Kanpur Dehat District,315586,40383771
Uttar Pradesh,2024,1,Jaunpur District,1086857,11022980
Uttar Pradesh,2024,1,Kaushambi District,213688,24256802
Uttar Pradesh,2024,1,Hapur District,469396,13264438
Uttar Pradesh,2024,1,Hamirpur District,218191,39070049
Uttar Pradesh,2024,1,Meerut District,1369150,24294581
Uttar Pradesh,2024,1,Mathura District,1033503,30021758
Uttar Pradesh,2024,1,Chitrakoot District,152320,48422227
Uttar Pradesh,2024,1,Lalitpur District,259525,87946629
Uttar Pradesh,2024,1,Mau District,487619,4134362
Uttar Pradesh,2024,1,Mirzapur District,521361,63307300
Uttar Pradesh,2024,1,Bulandshahr District,877737,26144923
Uttar Pradesh,2024,1,Gonda District,506569,66276611
Uttar Pradesh,2024,1,Jhansi District,757395,63221866
Uttar Pradesh,2024,1,Chandauli District,495520,22039578
Uttar Pradesh,2024,1,Bhadohi District,380059,4364803
Uttar Pradesh,2024,1,Pratapgarh District,620622,28375970
Uttar Pradesh,2024,1,Saharanpur District,943863,46240151
Uttar Pradesh,2024,1,Bara Banki District,486273,60390128
Uttar Pradesh,2024,1,Bareilly District,1256323,42580038
Uttar Pradesh,2024,1,Sitapur District,671937,145964796
Uttar Pradesh,2024,1,Sultanpur District,503749,18516414
Uttar Pradesh,2024,1,Agra District,1827812,37361995
Uttar Pradesh,2024,1,Fatehpur District,381333,56023012
Uttar Pradesh,2024,1,Rae Bareli District,435763,29587643
Uttar Pradesh,2024,1,Firozabad District,688869,29725106
Uttar Pradesh,2024,1,Kheri District,753192,120985522
Uttar Pradesh,2024,1,Gorakhpur District,1482201,17422010
Uttar Pradesh,2024,1,Unnao District,488566,65243656
Uttar Pradesh,2024,1,Prayagraj District,2163437,80929849
Uttar Pradesh,2024,1,Sonbhadra District,452947,90188049
Uttar Pradesh,2024,1,Ghazipur District,859165,18659841
Uttar Pradesh,2024,1,Farrukhabad District,386506,33831563
Uttar Pradesh,2024,1,Kannauj District,335088,27476688
Uttar Pradesh,2024,1,Azamgarh District,965487,17172586
Uttar Pradesh,2024,1,Ayodhya District,615546,24534786
Uttar Pradesh,2024,1,Deoria District,822245,6919865
Uttar Pradesh,2024,1,Ghaziabad District,3240845,17144049
Uttar Pradesh,2023,1,Amethi District,347875,17942736
Uttar Pradesh,2023,1,Siddharthnagar District,353122,25109868
Uttar Pradesh,2023,1,Auraiya District,267934,12406518
Uttar Pradesh,2023,1,Sambhal District,288342,18979523
Uttar Pradesh,2023,1,Kanpur Nagar District,1751281,16944223
Uttar Pradesh,2023,1,Aligarh District,954758,20767311
Uttar Pradesh,2023,1,Mahoba District,144131,18653580
Uttar Pradesh,2023,1,Lucknow District,2858255,18362335
Uttar Pradesh,2023,1,Sant Kabeer Nagar District,273471,6472453
Uttar Pradesh,2023,1,Hathras District,326364,8911564
Uttar Pradesh,2023,1,Budaun District,380761,35722344
Uttar Pradesh,2023,1,Moradabad District,647915,12999311
Uttar Pradesh,2023,1,Kushinagar District,725714,12823673
Uttar Pradesh,2023,1,Baghpat District,334159,5849614
Uttar Pradesh,2023,1,Shahjahanpur District,443182,24956626
Uttar Pradesh,2023,1,Muzaffarnagar District,623408,13835243
Uttar Pradesh,2023,1,Ambedkar Nagar District,430997,8992130
Uttar Pradesh,2023,1,Bahraich District,321216,42258343
Uttar Pradesh,2023,1,Jalaun District,323564,35334952
Uttar Pradesh,2023,1,Rampur District,346791,17661609
Uttar Pradesh,2023,1,Ballia District,677606,9855761
Uttar Pradesh,2023,1,Shravasti District,82990,11971736
Uttar Pradesh,2023,1,Kasganj District,224986,10870339
Uttar Pradesh,2023,1,Varanasi District,1718122,4498719
Uttar Pradesh,2023,1,Gautam Buddha Nagar District,3434422,17212184
Uttar Pradesh,2023,1,Basti District,455284,11027934
Uttar Pradesh,2023,1,Shamli District,265822,6403702
Uttar Pradesh,2023,1,Maharajganj District,468125,14612712
Uttar Pradesh,2023,1,Etawah District,352935,14796278
Uttar Pradesh,2023,1,Etah District,303920,13647021
Uttar Pradesh,2023,1,Banda District,218345,29108610
Uttar Pradesh,2023,1,Bijnor District,617592,25494712
Uttar Pradesh,2023,1,Hardoi District,451324,39289061
Uttar Pradesh,2023,1,Balrampur District,211866,24228504
Uttar Pradesh,2023,1,Amroha District,343745,13956161
Uttar Pradesh,2023,1,Pilibhit District,328766,16022857
Uttar Pradesh,2023,1,Mainpuri District,351545,17033236
Uttar Pradesh,2023,1,Kanpur Dehat District,265587,23315996
Uttar Pradesh,2023,1,Jaunpur District,920995,8705986
Uttar Pradesh,2023,1,Kaushambi District,179501,9526695
Uttar Pradesh,2023,1,Hapur District,402167,6667440
Uttar Pradesh,2023,1,Hamirpur District,182923,20111262
Uttar Pradesh,2023,1,Meerut District,1178230,12175950
Uttar Pradesh,2023,1,Mathura District,882699,23185884
Uttar Pradesh,2023,1,Chitrakoot District,127573,21998196
Uttar Pradesh,2023,1,Lalitpur District,218301,42405014
Uttar Pradesh,2023,1,Mau District,413361,3670702
Uttar Pradesh,2023,1,Mirzapur District,441082,22906095
Uttar Pradesh,2023,1,Bulandshahr District,750064,19198603
Uttar Pradesh,2023,1,Gonda District,429376,26767372
Uttar Pradesh,2023,1,Jhansi District,646791,38580013
Uttar Pradesh,2023,1,Chandauli District,421886,9311034
Uttar Pradesh,2023,1,Bhadohi District,321988,1297142
Uttar Pradesh,2023,1,Pratapgarh District,523982,13141831
Uttar Pradesh,2023,1,Saharanpur District,811254,27133161
Uttar Pradesh,2023,1,Bara Banki District,411159,22371462
Uttar Pradesh,2023,1,Bareilly District,1073906,24277681
Uttar Pradesh,2023,1,Sitapur District,564348,38774612
Uttar Pradesh,2023,1,Sultanpur District,426458,10689377
Uttar Pradesh,2023,1,Agra District,1567104,25286752
Uttar Pradesh,2023,1,Fatehpur District,320663,21100898
Uttar Pradesh,2023,1,Rae Bareli District,369591,16615657
Uttar Pradesh,2023,1,Firozabad District,585301,15134077
Uttar Pradesh,2023,1,Kheri District,634526,41787011
Uttar Pradesh,2023,1,Gorakhpur District,1263672,17627474
Uttar Pradesh,2023,1,Unnao District,412637,26287624
Uttar Pradesh,2023,1,Prayagraj District,1847496,25481354
Uttar Pradesh,2023,1,Sonbhadra District,383025,54163919
Uttar Pradesh,2023,1,Ghazipur District,728284,8919784
Uttar Pradesh,2023,1,Farrukhabad District,328564,14819360
Uttar Pradesh,2023,1,Kannauj District,282585,14765259
Uttar Pradesh,2023,1,Azamgarh District,819779,11307201
Uttar Pradesh,2023,1,Ayodhya District,523710,10757063
Uttar Pradesh,2023,1,Deoria District,696661,5466831
Uttar Pradesh,2023,1,Ghaziabad District,2798185,10598661
Uttar Pradesh,2019,1,Amethi District,80707,0
Uttar Pradesh,2019,1,Siddharthnagar District,74730,0
Uttar Pradesh,2019,1,Auraiya District,61805,0
Uttar Pradesh,2019,1,Sambhal District,60840,0
Uttar Pradesh,2019,1,Kanpur Nagar District,511583,0
Uttar Pradesh,2019,1,Aligarh District,221771,0
Uttar Pradesh,2019,1,Mahoba District,33600,0
Uttar Pradesh,2019,1,Lucknow District,896208,0
Uttar Pradesh,2019,1,Sant Kabeer Nagar District,61589,0
Uttar Pradesh,2019,1,Hathras District,71141,0
Uttar Pradesh,2019,1,Budaun District,79306,0
Uttar Pradesh,2019,1,Moradabad District,149856,0
Uttar Pradesh,2019,1,Kushinagar District,178069,0
Uttar Pradesh,2019,1,Baghpat District,79331,0
Uttar Pradesh,2019,1,Shahjahanpur District,102828,0
Uttar Pradesh,2019,1,Muzaffarnagar District,146672,0
Uttar Pradesh,2019,1,Ambedkar Nagar District,105456,0
Uttar Pradesh,2019,1,Bahraich District,68614,0
Uttar Pradesh,2019,1,Jalaun District,82094,0
Uttar Pradesh,2019,1,Rampur District,78177,0
Uttar Pradesh,2019,1,Ballia District,171902,0
Uttar Pradesh,2019,1,Shravasti District,16894,0
Uttar Pradesh,2019,1,Kasganj District,46990,0
Uttar Pradesh,2019,1,Varanasi District,524667,0
Uttar Pradesh,2019,1,Gautam Buddha Nagar District,1143614,0
Uttar Pradesh,2019,1,Basti District,110068,0
Uttar Pradesh,2019,1,Shamli District,60928,0
Uttar Pradesh,2019,1,Maharajganj District,116789,0
Uttar Pradesh,2019,1,Etawah District,79764,0
Uttar Pradesh,2019,1,Etah District,62643,0
Uttar Pradesh,2019,1,Banda District,51294,0
Uttar Pradesh,2019,1,Bijnor District,142913,0
Uttar Pradesh,2019,1,Hardoi District,97562,0
Uttar Pradesh,2019,1,Balrampur District,44496,0
Uttar Pradesh,2019,1,Amroha District,77180,0
Uttar Pradesh,2019,1,Pilibhit District,76898,0
Uttar Pradesh,2019,1,Mainpuri District,74458,0
Uttar Pradesh,2019,1,Kanpur Dehat District,55057,0
Uttar Pradesh,2019,1,Jaunpur District,229957,0
Uttar Pradesh,2019,1,Kaushambi District,36501,0
Uttar Pradesh,2019,1,Hapur District,97238,0
Uttar Pradesh,2019,1,Hamirpur District,44913,0
Uttar Pradesh,2019,1,Meerut District,311930,0
Uttar Pradesh,2019,1,Mathura District,196168,0
Uttar Pradesh,2019,1,Chitrakoot District,29453,0
Uttar Pradesh,2019,1,Lalitpur District,52158,0
Uttar Pradesh,2019,1,Mau District,103587,0
Uttar Pradesh,2019,1,Mirzapur District,118790,0
Uttar Pradesh,2019,1,Bulandshahr District,171533,0
Uttar Pradesh,2019,1,Gonda District,102076,0
Uttar Pradesh,2019,1,Jhansi District,178538,0
Uttar Pradesh,2019,1,Chandauli District,108979,0
Uttar Pradesh,2019,1,Bhadohi District,80947,0
Uttar Pradesh,2019,1,Pratapgarh District,121687,0
Uttar Pradesh,2019,1,Saharanpur District,195185,0
Uttar Pradesh,2019,1,Bara Banki District,96470,0
Uttar Pradesh,2019,1,Bareilly District,279714,0
Uttar Pradesh,2019,1,Sitapur District,125826,0
Uttar Pradesh,2019,1,Sultanpur District,105768,0
Uttar Pradesh,2019,1,Agra District,392222,0
Uttar Pradesh,2019,1,Fatehpur District,71857,0
Uttar Pradesh,2019,1,Rae Bareli District,92979,0
Uttar Pradesh,2019,1,Firozabad District,114566,0
Uttar Pradesh,2019,1,Kheri District,139817,0
Uttar Pradesh,2019,1,Gorakhpur District,336196,0
Uttar Pradesh,2019,1,Unnao District,95607,0
Uttar Pradesh,2019,1,Prayagraj District,532230,0
Uttar Pradesh,2019,1,Sonbhadra District,107237,0
Uttar Pradesh,2019,1,Ghazipur District,185130,0
Uttar Pradesh,2019,1,Farrukhabad District,72462,0
Uttar Pradesh,2019,1,Kannauj District,60722,0
Uttar Pradesh,2019,1,Azamgarh District,203791,0
Uttar Pradesh,2019,1,Ayodhya District,136314,0
Uttar Pradesh,2019,1,Deoria District,172036,0
Uttar Pradesh,2019,1,Ghaziabad District,859583,0
Uttar Pradesh,2021,1,Amethi District,209408,3797616
Uttar Pradesh,2021,1,Siddharthnagar District,213056,5043863
Uttar Pradesh,2021,1,Auraiya District,162129,3205592
Uttar Pradesh,2021,1,Sambhal District,173933,3289299
Uttar Pradesh,2021,1,Kanpur Nagar District,1100587,21921245
Uttar Pradesh,2021,1,Aligarh District,588461,12681750
Uttar Pradesh,2021,1,Mahoba District,85807,1528269
Uttar Pradesh,2021,1,Lucknow District,1813076,43670344
Uttar Pradesh,2021,1,Sant Kabeer Nagar District,164355,3480061
Uttar Pradesh,2021,1,Hathras District,197275,3974475
Uttar Pradesh,2021,1,Budaun District,229929,3934634
Uttar Pradesh,2021,1,Moradabad District,399160,7973523
Uttar Pradesh,2021,1,Kushinagar District,437393,10502078
Uttar Pradesh,2021,1,Baghpat District,207627,5012968
Uttar Pradesh,2021,1,Shahjahanpur District,265197,4231018
Uttar Pradesh,2021,1,Muzaffarnagar District,387177,8303720
Uttar Pradesh,2021,1,Ambedkar Nagar District,259324,4376892
Uttar Pradesh,2021,1,Bahraich District,194163,3507029
Uttar Pradesh,2021,1,Jalaun District,195777,3709496
Uttar Pradesh,2021,1,Rampur District,211156,3922735
Uttar Pradesh,2021,1,Ballia District,412104,8444901
Uttar Pradesh,2021,1,Shravasti District,49462,912847
Uttar Pradesh,2021,1,Kasganj District,134535,2391474
Uttar Pradesh,2021,1,Varanasi District,1079309,19374684
Uttar Pradesh,2021,1,Gautam Buddha Nagar District,2181874,77986145
Uttar Pradesh,2021,1,Basti District,275414,5856483
Uttar Pradesh,2021,1,Shamli District,163182,3497004
Uttar Pradesh,2021,1,Maharajganj District,279707,5572104
Uttar Pradesh,2021,1,Etawah District,213975,4380134
Uttar Pradesh,2021,1,Etah District,183538,3456357
Uttar Pradesh,2021,1,Banda District,131226,2164421
Uttar Pradesh,2021,1,Bijnor District,381195,7407766
Uttar Pradesh,2021,1,Hardoi District,272411,4193558
Uttar Pradesh,2021,1,Balrampur District,127631,2667989
Uttar Pradesh,2021,1,Amroha District,208607,4613416
Uttar Pradesh,2021,1,Pilibhit District,199023,3097811
Uttar Pradesh,2021,1,Mainpuri District,212294,3847516
Uttar Pradesh,2021,1,Kanpur Dehat District,159123,3271176
Uttar Pradesh,2021,1,Jaunpur District,558808,10355919
Uttar Pradesh,2021,1,Kaushambi District,107994,1859694
Uttar Pradesh,2021,1,Hapur District,249914,6658932
Uttar Pradesh,2021,1,Hamirpur District,109551,1961142
Uttar Pradesh,2021,1,Meerut District,741901,16769292
Uttar Pradesh,2021,1,Mathura District,541676,13042102
Uttar Pradesh,2021,1,Chitrakoot District,76935,1446130
Uttar Pradesh,2021,1,Lalitpur District,132483,2886753
Uttar Pradesh,2021,1,Mau District,252570,4270719
Uttar Pradesh,2021,1,Mirzapur District,269927,4778747
Uttar Pradesh,2021,1,Bulandshahr District,461596,11278900
Uttar Pradesh,2021,1,Gonda District,261669,5605556
Uttar Pradesh,2021,1,Jhansi District,402240,9769874
Uttar Pradesh,2021,1,Chandauli District,259262,4759999
Uttar Pradesh,2021,1,Bhadohi District,196533,3395245
Uttar Pradesh,2021,1,Pratapgarh District,316627,5871740
Uttar Pradesh,2021,1,Saharanpur District,505178,11541497
Uttar Pradesh,2021,1,Bara Banki District,249182,4543982
Uttar Pradesh,2021,1,Bareilly District,662143,12240686
Uttar Pradesh,2021,1,Sitapur District,338854,4481686
Uttar Pradesh,2021,1,Sultanpur District,258614,4674936
Uttar Pradesh,2021,1,Agra District,974389,20226003
Uttar Pradesh,2021,1,Fatehpur District,193171,3064288
Uttar Pradesh,2021,1,Rae Bareli District,226301,3836529
Uttar Pradesh,2021,1,Firozabad District,353729,6411184
Uttar Pradesh,2021,1,Kheri District,380108,4949153
Uttar Pradesh,2021,1,Gorakhpur District,780306,16582486
Uttar Pradesh,2021,1,Unnao District,251530,4064340
Uttar Pradesh,2021,1,Prayagraj District,1143612,25056524
Uttar Pradesh,2021,1,Sonbhadra District,234618,5684193
Uttar Pradesh,2021,1,Ghazipur District,443311,8162326
Uttar Pradesh,2021,1,Farrukhabad District,198513,3663937
Uttar Pradesh,2021,1,Kannauj District,169332,2859076
Uttar Pradesh,2021,1,Azamgarh District,501473,8619959
Uttar Pradesh,2021,1,Ayodhya District,320746,5978927
Uttar Pradesh,2021,1,Deoria District,424347,9305742
Uttar Pradesh,2021,1,Ghaziabad District,1773332,47857733
Uttar Pradesh,2020,1,Amethi District,136952,2245853
Uttar Pradesh,2020,1,Siddharthnagar District,132802,2569918
Uttar Pradesh,2020,1,Auraiya District,106853,1866472
Uttar Pradesh,2020,1,Sambhal District,107252,1601899
Uttar Pradesh,2020,1,Kanpur Nagar District,788847,13496514
Uttar Pradesh,2020,1,Aligarh District,389467,6865074
Uttar Pradesh,2020,1,Mahoba District,54536,816864
Uttar Pradesh,2020,1,Lucknow District,1329098,25199798
Uttar Pradesh,2020,1,Sant Kabeer Nagar District,106578,1940909
Uttar Pradesh,2020,1,Hathras District,127615,2209807
Uttar Pradesh,2020,1,Budaun District,141211,2166711
Uttar Pradesh,2020,1,Moradabad District,257312,4170631
Uttar Pradesh,2020,1,Kushinagar District,294988,5937399
Uttar Pradesh,2020,1,Baghpat District,138206,2557446
Uttar Pradesh,2020,1,Shahjahanpur District,171075,2516626
Uttar Pradesh,2020,1,Muzaffarnagar District,253057,4155457
Uttar Pradesh,2020,1,Ambedkar Nagar District,173558,2877264
Uttar Pradesh,2020,1,Bahraich District,118691,1816527
Uttar Pradesh,2020,1,Jalaun District,130530,2040618
Uttar Pradesh,2020,1,Rampur District,133897,2146614
Uttar Pradesh,2020,1,Ballia District,279850,4843958
Uttar Pradesh,2020,1,Shravasti District,29560,473164
Uttar Pradesh,2020,1,Kasganj District,85463,1362177
Uttar Pradesh,2020,1,Varanasi District,777234,13178057
Uttar Pradesh,2020,1,Gautam Buddha Nagar District,1656331,51730780
Uttar Pradesh,2020,1,Basti District,182992,3369249
Uttar Pradesh,2020,1,Shamli District,105856,1850600
Uttar Pradesh,2020,1,Maharajganj District,189603,3159725
Uttar Pradesh,2020,1,Etawah District,139252,2328900
Uttar Pradesh,2020,1,Etah District,116306,1901928
Uttar Pradesh,2020,1,Banda District,85004,1280634
Uttar Pradesh,2020,1,Bijnor District,245713,3838793
Uttar Pradesh,2020,1,Hardoi District,166833,2473365
Uttar Pradesh,2020,1,Balrampur District,79242,1322478
Uttar Pradesh,2020,1,Amroha District,132719,2256887
Uttar Pradesh,2020,1,Pilibhit District,131381,1965708
Uttar Pradesh,2020,1,Mainpuri District,135739,2075154
Uttar Pradesh,2020,1,Kanpur Dehat District,99757,1818141
Uttar Pradesh,2020,1,Jaunpur District,376245,6203627
Uttar Pradesh,2020,1,Kaushambi District,67498,1094664
Uttar Pradesh,2020,1,Hapur District,166710,3278620
Uttar Pradesh,2020,1,Hamirpur District,72081,1126805
Uttar Pradesh,2020,1,Meerut District,509693,9094997
Uttar Pradesh,2020,1,Mathura District,352252,6604782
Uttar Pradesh,2020,1,Chitrakoot District,49532,784796
Uttar Pradesh,2020,1,Lalitpur District,85820,1459863
Uttar Pradesh,2020,1,Mau District,168403,2477419
Uttar Pradesh,2020,1,Mirzapur District,184275,2887354
Uttar Pradesh,2020,1,Bulandshahr District,300819,5867028
Uttar Pradesh,2020,1,Gonda District,170132,3042875
Uttar Pradesh,2020,1,Jhansi District,279897,5368682
Uttar Pradesh,2020,1,Chandauli District,173797,2860413
Uttar Pradesh,2020,1,Bhadohi District,131750,2035659
Uttar Pradesh,2020,1,Pratapgarh District,208100,3235514
Uttar Pradesh,2020,1,Saharanpur District,332027,6277349
Uttar Pradesh,2020,1,Bara Banki District,163878,2756219
Uttar Pradesh,2020,1,Bareilly District,452872,7537061
Uttar Pradesh,2020,1,Sitapur District,223690,2708933
Uttar Pradesh,2020,1,Sultanpur District,175425,2899397
Uttar Pradesh,2020,1,Agra District,668251,11430582
Uttar Pradesh,2020,1,Fatehpur District,123288,1785866
Uttar Pradesh,2020,1,Rae Bareli District,151785,2282305
Uttar Pradesh,2020,1,Firozabad District,221119,3395140
Uttar Pradesh,2020,1,Kheri District,242677,3212975
Uttar Pradesh,2020,1,Gorakhpur District,539316,9223906
Uttar Pradesh,2020,1,Unnao District,163038,2496442
Uttar Pradesh,2020,1,Prayagraj District,816436,15702170
Uttar Pradesh,2020,1,Sonbhadra District,163017,3124763
Uttar Pradesh,2020,1,Ghazipur District,299524,4965935
Uttar Pradesh,2020,1,Farrukhabad District,127474,2023828
Uttar Pradesh,2020,1,Kannauj District,110383,1588330
Uttar Pradesh,2020,1,Azamgarh District,334030,5125163
Uttar Pradesh,2020,1,Ayodhya District,217835,3602820
Uttar Pradesh,2020,1,Deoria District,285363,5151940
Uttar Pradesh,2020,1,Ghaziabad District,1296464,29139762
Uttar Pradesh,2018,1,Amethi District,28949,0
Uttar Pradesh,2018,1,Siddharthnagar District,24858,0
Uttar Pradesh,2018,1,Auraiya District,21705,0
Uttar Pradesh,2018,1,Sambhal District,22039,0
Uttar Pradesh,2018,1,Kanpur Nagar District,208389,0
Uttar Pradesh,2018,1,Aligarh District,84375,0
Uttar Pradesh,2018,1,Mahoba District,12930,0
Uttar Pradesh,2018,1,Lucknow District,380070,0
Uttar Pradesh,2018,1,Sant Kabeer Nagar District,19906,0
Uttar Pradesh,2018,1,Hathras District,24848,0
Uttar Pradesh,2018,1,Budaun District,28217,0
Uttar Pradesh,2018,1,Moradabad District,57057,0
Uttar Pradesh,2018,1,Kushinagar District,60631,0
Uttar Pradesh,2018,1,Baghpat District,27155,0
Uttar Pradesh,2018,1,Shahjahanpur District,39155,0
Uttar Pradesh,2018,1,Muzaffarnagar District,56136,0
Uttar Pradesh,2018,1,Ambedkar Nagar District,36853,0
Uttar Pradesh,2018,1,Bahraich District,23003,0
Uttar Pradesh,2018,1,Jalaun District,32085,0
Uttar Pradesh,2018,1,Rampur District,30312,0
Uttar Pradesh,2018,1,Ballia District,59431,0
Uttar Pradesh,2018,1,Shravasti District,5380,0
Uttar Pradesh,2018,1,Kasganj District,15670,0
Uttar Pradesh,2018,1,Varanasi District,206788,0
Uttar Pradesh,2018,1,Gautam Buddha Nagar District,448768,0
Uttar Pradesh,2018,1,Basti District,38586,0
Uttar Pradesh,2018,1,Shamli District,23247,0
Uttar Pradesh,2018,1,Maharajganj District,33481,0
Uttar Pradesh,2018,1,Etawah District,28534,0
Uttar Pradesh,2018,1,Etah District,19926,0
Uttar Pradesh,2018,1,Banda District,18718,0
Uttar Pradesh,2018,1,Bijnor District,52039,0
Uttar Pradesh,2018,1,Hardoi District,33813,0
Uttar Pradesh,2018,1,Balrampur District,13778,0
Uttar Pradesh,2018,1,Amroha District,27497,0
Uttar Pradesh,2018,1,Pilibhit District,28407,0
Uttar Pradesh,2018,1,Mainpuri District,25568,0
Uttar Pradesh,2018,1,Kanpur Dehat District,18293,0
Uttar Pradesh,2018,1,Jaunpur District,78930,0
Uttar Pradesh,2018,1,Kaushambi District,12102,0
Uttar Pradesh,2018,1,Hapur District,34731,0
Uttar Pradesh,2018,1,Hamirpur District,16985,0
Uttar Pradesh,2018,1,Meerut District,123619,0
Uttar Pradesh,2018,1,Mathura District,70100,0
Uttar Pradesh,2018,1,Chitrakoot District,10679,0
Uttar Pradesh,2018,1,Lalitpur District,20957,0
Uttar Pradesh,2018,1,Mau District,36792,0
Uttar Pradesh,2018,1,Mirzapur District,39327,0
Uttar Pradesh,2018,1,Bulandshahr District,60527,0
Uttar Pradesh,2018,1,Gonda District,34648,0
Uttar Pradesh,2018,1,Jhansi District,74623,0
Uttar Pradesh,2018,1,Chandauli District,38971,0
Uttar Pradesh,2018,1,Bhadohi District,29109,0
Uttar Pradesh,2018,1,Pratapgarh District,41557,0
Uttar Pradesh,2018,1,Saharanpur District,73819,0
Uttar Pradesh,2018,1,Bara Banki District,36150,0
Uttar Pradesh,2018,1,Bareilly District,112369,0
Uttar Pradesh,2018,1,Sitapur District,39869,0
Uttar Pradesh,2018,1,Sultanpur District,38698,0
Uttar Pradesh,2018,1,Agra District,148387,0
Uttar Pradesh,2018,1,Fatehpur District,26460,0
Uttar Pradesh,2018,1,Rae Bareli District,34388,0
Uttar Pradesh,2018,1,Firozabad District,40297,0
Uttar Pradesh,2018,1,Kheri District,51685,0
Uttar Pradesh,2018,1,Gorakhpur District,132769,0
Uttar Pradesh,2018,1,Unnao District,33339,0
Uttar Pradesh,2018,1,Prayagraj District,220198,0
Uttar Pradesh,2018,1,Sonbhadra District,44097,0
Uttar Pradesh,2018,1,Ghazipur District,64317,0
Uttar Pradesh,2018,1,Farrukhabad District,26440,0
Uttar Pradesh,2018,1,Kannauj District,19583,0
Uttar Pradesh,2018,1,Azamgarh District,68976,0
Uttar Pradesh,2018,1,Ayodhya District,51410,0
Uttar Pradesh,2018,1,Deoria District,61062,0
Uttar Pradesh,2018,1,Ghaziabad District,329683,0
Goa,2022,1,North Goa District,456250,9699093
Goa,2022,1,South Goa District,282378,8979705
Goa,2024,1,North Goa District,637677,15295964
Goa,2024,1,South Goa District,397373,15872352
Goa,2023,1,North Goa District,550554,11867919
Goa,2023,1,South Goa District,341631,10962012
Goa,2019,1,North Goa District,147802,0
Goa,2019,1,South Goa District,90350,0
Goa,2021,1,North Goa District,352593,10384042
Goa,2021,1,South Goa District,217442,5083630
Goa,2020,1,North Goa District,244309,4665113
Goa,2020,1,South Goa District,147591,2482120
Goa,2018,1,North Goa District,57769,0
Goa,2018,1,South Goa District,34167,0
Punjab,2022,1,Shahid Bhagat Singh Nagar District,82505,2318330
Punjab,2022,1,Fazilka District,327088,9879695
Punjab,2022,1,Barnala District,105069,2500243
Punjab,2022,1,Mansa District,142032,4018980
Punjab,2022,1,Ludhiana District,1476288,9631471
Punjab,2022,1,Sri Muktsar Sahib District,166210,5576982
Punjab,2022,1,Patiala District,550482,6937640
Punjab,2022,1,Pathankot District,193189,3072838
Punjab,2022,1,Fatehgarh Sahib District,147969,2106330
Punjab,2022,1,Rupnagar District,164884,2500397
Punjab,2022,1,Tarn Taran District,145686,7511204
Punjab,2022,1,Sas Nagar District,817209,5856847
Punjab,2022,1,Sangrur District,321129,6238824
Punjab,2022,1,Jalandhar District,560393,5869719
Punjab,2022,1,Bathinda District,378864,9419283
Punjab,2022,1,Kapurthala District,160149,3276633
Punjab,2022,1,Firozepur District,177916,4907969
Punjab,2022,1,Gurdaspur District,247179,5206011
Punjab,2022,1,Amritsar District,593970,7837937
Punjab,2022,1,Faridkot District,123441,2956949
Punjab,2022,1,Hoshiarpur District,274004,5849019
Punjab,2022,1,Moga District,147070,4009506
Punjab,2024,1,Shahid Bhagat Singh Nagar District,115446,11484724
Punjab,2024,1,Fazilka District,465859,29328500
Punjab,2024,1,Barnala District,148058,10147936
Punjab,2024,1,Mansa District,203353,16346042
Punjab,2024,1,Ludhiana District,2111816,42257353
Punjab,2024,1,Sri Muktsar Sahib District,233960,20910662
Punjab,2024,1,Patiala District,768945,20622360
Punjab,2024,1,Pathankot District,272259,6327755
Punjab,2024,1,Fatehgarh Sahib District,208953,8429180
Punjab,2024,1,Rupnagar District,232964,10046063
Punjab,2024,1,Tarn Taran District,202765,37340540
Punjab,2024,1,Sas Nagar District,1140194,11230245
Punjab,2024,1,Sangrur District,451041,22963472
Punjab,2024,1,Jalandhar District,787722,29619038
Punjab,2024,1,Bathinda District,534058,28504732
Punjab,2024,1,Kapurthala District,223542,19197716
Punjab,2024,1,Firozepur District,248667,23842393
Punjab,2024,1,Gurdaspur District,345175,17653237
Punjab,2024,1,Amritsar District,828669,22488088
Punjab,2024,1,Faridkot District,172448,9290846
Punjab,2024,1,Hoshiarpur District,386238,30572119
Punjab,2024,1,Moga District,204832,19875972
Punjab,2023,1,Shahid Bhagat Singh Nagar District,98870,3919200
Punjab,2023,1,Fazilka District,397546,12975379
Punjab,2023,1,Barnala District,126808,4208508
Punjab,2023,1,Mansa District,174255,6019022
Punjab,2023,1,Ludhiana District,1807587,12934039
Punjab,2023,1,Sri Muktsar Sahib District,200066,10505101
Punjab,2023,1,Patiala District,662760,10587262
Punjab,2023,1,Pathankot District,234003,4090128
Punjab,2023,1,Fatehgarh Sahib District,178883,3186679
Punjab,2023,1,Rupnagar District,199645,4099885
Punjab,2023,1,Tarn Taran District,173666,11026638
Punjab,2023,1,Sas Nagar District,987246,6722359
Punjab,2023,1,Sangrur District,386728,11933323
Punjab,2023,1,Jalandhar District,677948,10385130
Punjab,2023,1,Bathinda District,458473,12941727
Punjab,2023,1,Kapurthala District,192350,5220497
Punjab,2023,1,Firozepur District,213850,7350935
Punjab,2023,1,Gurdaspur District,296711,8924151
Punjab,2023,1,Amritsar District,715172,10015595
Punjab,2023,1,Faridkot District,148348,4412854
Punjab,2023,1,Hoshiarpur District,330374,9241485
Punjab,2023,1,Moga District,176119,6718445
Punjab,2019,1,Shahid Bhagat Singh Nagar District,21180,0
Punjab,2019,1,Fazilka District,104942,0
Punjab,2019,1,Barnala District,30391,0
Punjab,2019,1,Mansa District,45716,0
Punjab,2019,1,Ludhiana District,454370,0
Punjab,2019,1,Sri Muktsar Sahib District,51650,0
Punjab,2019,1,Patiala District,169872,0
Punjab,2019,1,Pathankot District,59669,0
Punjab,2019,1,Fatehgarh Sahib District,40342,0
Punjab,2019,1,Rupnagar District,46877,0
Punjab,2019,1,Tarn Taran District,33774,0
Punjab,2019,1,Sas Nagar District,298288,0
Punjab,2019,1,Sangrur District,97326,0
Punjab,2019,1,Jalandhar District,164130,0
Punjab,2019,1,Bathinda District,128070,0
Punjab,2019,1,Kapurthala District,46907,0
Punjab,2019,1,Firozepur District,52617,0
Punjab,2019,1,Gurdaspur District,62502,0
Punjab,2019,1,Amritsar District,171264,0
Punjab,2019,1,Faridkot District,36743,0
Punjab,2019,1,Hoshiarpur District,72128,0
Punjab,2019,1,Moga District,37832,0
Punjab,2021,1,Shahid Bhagat Singh Nagar District,62459,690052
Punjab,2021,1,Fazilka District,247363,4019103
Punjab,2021,1,Barnala District,79294,902867
Punjab,2021,1,Mansa District,106756,1098110
Punjab,2021,1,Ludhiana District,1121835,16627730
Punjab,2021,1,Sri Muktsar Sahib District,125454,1553575
Punjab,2021,1,Patiala District,421866,6008815
Punjab,2021,1,Pathankot District,147446,2261929
Punjab,2021,1,Fatehgarh Sahib District,112449,1614595
Punjab,2021,1,Rupnagar District,125466,1709178
Punjab,2021,1,Tarn Taran District,110661,1517174
Punjab,2021,1,Sas Nagar District,631136,12812661
Punjab,2021,1,Sangrur District,243382,2884693
Punjab,2021,1,Jalandhar District,428704,5817452
Punjab,2021,1,Bathinda District,288460,4263560
Punjab,2021,1,Kapurthala District,122367,1820533
Punjab,2021,1,Firozepur District,135570,1856298
Punjab,2021,1,Gurdaspur District,187933,2229430
Punjab,2021,1,Amritsar District,456913,6431045
Punjab,2021,1,Faridkot District,93801,1199867
Punjab,2021,1,Hoshiarpur District,207567,2395805
Punjab,2021,1,Moga District,111895,1337796
Punjab,2020,1,Shahid Bhagat Singh Nagar District,38821,490108
Punjab,2020,1,Fazilka District,168714,2488961
Punjab,2020,1,Barnala District,51941,603429
Punjab,2020,1,Mansa District,74105,799060
Punjab,2020,1,Ludhiana District,756590,11119366
Punjab,2020,1,Sri Muktsar Sahib District,84164,1014080
Punjab,2020,1,Patiala District,287330,3967305
Punjab,2020,1,Pathankot District,99453,1401796
Punjab,2020,1,Fatehgarh Sahib District,72422,995685
Punjab,2020,1,Rupnagar District,82807,1115635
Punjab,2020,1,Tarn Taran District,66491,874175
Punjab,2020,1,Sas Nagar District,460416,8395805
Punjab,2020,1,Sangrur District,161513,2080788
Punjab,2020,1,Jalandhar District,282191,3840409
Punjab,2020,1,Bathinda District,200425,2727950
Punjab,2020,1,Kapurthala District,80875,2265592
Punjab,2020,1,Firozepur District,90278,1268154
Punjab,2020,1,Gurdaspur District,116534,1354661
Punjab,2020,1,Amritsar District,303767,3974667
Punjab,2020,1,Faridkot District,61578,758282
Punjab,2020,1,Hoshiarpur District,129693,1462905
Punjab,2020,1,Moga District,69394,854897
Punjab,2018,1,Shahid Bhagat Singh Nagar District,7519,0
Punjab,2018,1,Fazilka District,44823,0
Punjab,2018,1,Barnala District,12242,0
Punjab,2018,1,Mansa District,20521,0
Punjab,2018,1,Ludhiana District,168625,0
Punjab,2018,1,Sri Muktsar Sahib District,21239,0
Punjab,2018,1,Patiala District,66507,0
Punjab,2018,1,Pathankot District,20420,0
Punjab,2018,1,Fatehgarh Sahib District,14764,0
Punjab,2018,1,Rupnagar District,17004,0
Punjab,2018,1,Tarn Taran District,11244,0
Punjab,2018,1,Sas Nagar District,121113,0
Punjab,2018,1,Sangrur District,37485,0
Punjab,2018,1,Jalandhar District,57808,0
Punjab,2018,1,Bathinda District,52466,0
Punjab,2018,1,Kapurthala District,18281,0
Punjab,2018,1,Firozepur District,19987,0
Punjab,2018,1,Gurdaspur District,21372,0
Punjab,2018,1,Amritsar District,59685,0
Punjab,2018,1,Faridkot District,14795,0
Punjab,2018,1,Hoshiarpur District,25348,0
Punjab,2018,1,Moga District,13894,0
Arunachal Pradesh,2022,1,Lower Subansiri District,10854,1566925
Arunachal Pradesh,2022,1,Tirap District,9972,1634844
Arunachal Pradesh,2022,1,Papum Pare District,111271,3209286
Arunachal Pradesh,2022,1,Anjaw District,3560,640611
Arunachal Pradesh,2022,1,Lower Siang District,4882,1085994
Arunachal Pradesh,2022,1,Dibang Valley District,656,267633
Arunachal Pradesh,2022,1,West Kameng District,27860,4098935
Arunachal Pradesh,2022,1,Shi Yomi District,540,230973
Arunachal Pradesh,2022,1,East Kameng District,5355,703590
Arunachal Pradesh,2022,1,Lohit District,19214,3212352
Arunachal Pradesh,2022,1,Lepa Rada District,4049,1182371
Arunachal Pradesh,2022,1,Lower Dibang Valley District,11401,1918566
Arunachal Pradesh,2022,1,Longding District,5700,1728795
Arunachal Pradesh,2022,1,West Siang District,14420,1420049
Arunachal Pradesh,2022,1,Kamle District,1144,758412
Arunachal Pradesh,2022,1,Upper Siang District,5146,2047229
Arunachal Pradesh,2022,1,Kurung Kumey District,1744,845626
Arunachal Pradesh,2022,1,Siang District,3942,1227784
Arunachal Pradesh,2022,1,Kra Daadi District,1701,720274
Arunachal Pradesh,2022,1,Changlang District,26904,4323291
Arunachal Pradesh,2022,1,Pakke Kessang District,887,770322
Arunachal Pradesh,2022,1,East Siang District,25763,3444101
Arunachal Pradesh,2022,1,Upper Subansiri District,8731,921019
Arunachal Pradesh,2022,1,Tawang District,15589,1922991
Arunachal Pradesh,2022,1,Namsai District,14054,1536586
Arunachal Pradesh,2024,1,Lower Subansiri District,15784,5446638
Arunachal Pradesh,2024,1,Tirap District,14506,2320070
Arunachal Pradesh,2024,1,Papum Pare District,159264,11037149
Arunachal Pradesh,2024,1,Anjaw District,5083,988152
Arunachal Pradesh,2024,1,Lower Siang District,7120,2828933
Arunachal Pradesh,2024,1,Dibang Valley District,950,3376396
Arunachal Pradesh,2024,1,West Kameng District,39484,6992063
Arunachal Pradesh,2024,1,Shi Yomi District,744,1882519
Arunachal Pradesh,2024,1,East Kameng District,7781,1403745
Arunachal Pradesh,2024,1,Lohit District,27954,9141847
Arunachal Pradesh,2024,1,Lepa Rada District,5836,3454920
Arunachal Pradesh,2024,1,Lower Dibang Valley District,16456,8588244
Arunachal Pradesh,2024,1,Longding District,8327,5068675
Arunachal Pradesh,2024,1,West Siang District,20794,2638976
Arunachal Pradesh,2024,1,Kamle District,1657,1457263
Arunachal Pradesh,2024,1,Upper Siang District,7311,24550721
Arunachal Pradesh,2024,1,Kurung Kumey District,2483,1172275
Arunachal Pradesh,2024,1,Siang District,5637,2420301
Arunachal Pradesh,2024,1,Kra Daadi District,2444,1966895
Arunachal Pradesh,2024,1,Changlang District,39144,15663058
Arunachal Pradesh,2024,1,Pakke Kessang District,1267,3211127
Arunachal Pradesh,2024,1,East Siang District,37296,7039779
Arunachal Pradesh,2024,1,Upper Subansiri District,12606,2750502
Arunachal Pradesh,2024,1,Tawang District,22104,11946333
Arunachal Pradesh,2024,1,Namsai District,20361,6250462
Arunachal Pradesh,2023,1,Lower Subansiri District,13220,4665893
Arunachal Pradesh,2023,1,Tirap District,12127,3510306
Arunachal Pradesh,2023,1,Papum Pare District,136357,8066083
Arunachal Pradesh,2023,1,Anjaw District,4310,960705
Arunachal Pradesh,2023,1,Lower Siang District,5917,2503611
Arunachal Pradesh,2023,1,Dibang Valley District,789,332244
Arunachal Pradesh,2023,1,West Kameng District,33625,7118752
Arunachal Pradesh,2023,1,Shi Yomi District,631,409543
Arunachal Pradesh,2023,1,East Kameng District,6598,2956409
Arunachal Pradesh,2023,1,Lohit District,23429,5317984
Arunachal Pradesh,2023,1,Lepa Rada District,4938,1844736
Arunachal Pradesh,2023,1,Lower Dibang Valley District,13811,4586215
Arunachal Pradesh,2023,1,Longding District,6882,4261440
Arunachal Pradesh,2023,1,West Siang District,17590,2457555
Arunachal Pradesh,2023,1,Kamle District,1367,2987329
Arunachal Pradesh,2023,1,Upper Siang District,6196,3660864
Arunachal Pradesh,2023,1,Kurung Kumey District,2091,1499108
Arunachal Pradesh,2023,1,Siang District,4696,2962268
Arunachal Pradesh,2023,1,Kra Daadi District,2051,1694622
Arunachal Pradesh,2023,1,Changlang District,32646,10230395
Arunachal Pradesh,2023,1,Pakke Kessang District,1057,1625393
Arunachal Pradesh,2023,1,East Siang District,31416,5195905
Arunachal Pradesh,2023,1,Upper Subansiri District,10648,1991047
Arunachal Pradesh,2023,1,Tawang District,18817,4341255
Arunachal Pradesh,2023,1,Namsai District,17064,3817796
Arunachal Pradesh,2019,1,Lower Subansiri District,1879,0
Arunachal Pradesh,2019,1,Tirap District,2082,0
Arunachal Pradesh,2019,1,Papum Pare District,26298,0
Arunachal Pradesh,2019,1,Anjaw District,934,0
Arunachal Pradesh,2019,1,Lower Siang District,1123,0
Arunachal Pradesh,2019,1,Dibang Valley District,211,0
Arunachal Pradesh,2019,1,West Kameng District,8115,0
Arunachal Pradesh,2019,1,Shi Yomi District,186,0
Arunachal Pradesh,2019,1,East Kameng District,876,0
Arunachal Pradesh,2019,1,Lohit District,4416,0
Arunachal Pradesh,2019,1,Lepa Rada District,710,0
Arunachal Pradesh,2019,1,Lower Dibang Valley District,2314,0
Arunachal Pradesh,2019,1,Longding District,1152,0
Arunachal Pradesh,2019,1,West Siang District,2656,0
Arunachal Pradesh,2019,1,Kamle District,141,0
Arunachal Pradesh,2019,1,Upper Siang District,1125,0
Arunachal Pradesh,2019,1,Kurung Kumey District,385,0
Arunachal Pradesh,2019,1,Siang District,651,0
Arunachal Pradesh,2019,1,Kra Daadi District,350,0
Arunachal Pradesh,2019,1,Changlang District,5210,0
Arunachal Pradesh,2019,1,Pakke Kessang District,162,0
Arunachal Pradesh,2019,1,East Siang District,5899,0
Arunachal Pradesh,2019,1,Upper Subansiri District,1906,0
Arunachal Pradesh,2019,1,Tawang District,5023,0
Arunachal Pradesh,2019,1,Namsai District,3153,0
Arunachal Pradesh,2021,1,Lower Subansiri District,8044,136547
Arunachal Pradesh,2021,1,Tirap District,7376,136247
Arunachal Pradesh,2021,1,Papum Pare District,84715,1553363
Arunachal Pradesh,2021,1,Anjaw District,2660,55283
Arunachal Pradesh,2021,1,Lower Siang District,3594,61226
Arunachal Pradesh,2021,1,Dibang Valley District,478,9538
Arunachal Pradesh,2021,1,West Kameng District,21027,483047
Arunachal Pradesh,2021,1,Shi Yomi District,390,7228
Arunachal Pradesh,2021,1,East Kameng District,3990,69455
Arunachal Pradesh,2021,1,Lohit District,14231,295880
Arunachal Pradesh,2021,1,Lepa Rada District,3008,68424
Arunachal Pradesh,2021,1,Lower Dibang Valley District,8402,145425
Arunachal Pradesh,2021,1,Longding District,4117,92482
Arunachal Pradesh,2021,1,West Siang District,10836,191242
Arunachal Pradesh,2021,1,Kamle District,814,16142
Arunachal Pradesh,2021,1,Upper Siang District,3847,87503
Arunachal Pradesh,2021,1,Kurung Kumey District,1287,25911
Arunachal Pradesh,2021,1,Siang District,2878,56271
Arunachal Pradesh,2021,1,Kra Daadi District,1244,30137
Arunachal Pradesh,2021,1,Changlang District,19716,344148
Arunachal Pradesh,2021,1,Pakke Kessang District,647,14995
Arunachal Pradesh,2021,1,East Siang District,19342,363085
Arunachal Pradesh,2021,1,Upper Subansiri District,6577,122422
Arunachal Pradesh,2021,1,Tawang District,11778,230123
Arunachal Pradesh,2021,1,Namsai District,10242,200584
Arunachal Pradesh,2020,1,Lower Subansiri District,4351,72887
Arunachal Pradesh,2020,1,Tirap District,4261,76554
Arunachal Pradesh,2020,1,Papum Pare District,51342,819599
Arunachal Pradesh,2020,1,Anjaw District,1747,25453
Arunachal Pradesh,2020,1,Lower Siang District,2201,35216
Arunachal Pradesh,2020,1,Dibang Valley District,320,2195
Arunachal Pradesh,2020,1,West Kameng District,13983,332479
Arunachal Pradesh,2020,1,Shi Yomi District,290,989
Arunachal Pradesh,2020,1,East Kameng District,1962,37103
Arunachal Pradesh,2020,1,Lohit District,8454,159158
Arunachal Pradesh,2020,1,Lepa Rada District,1532,28280
Arunachal Pradesh,2020,1,Lower Dibang Valley District,4650,71091
Arunachal Pradesh,2020,1,Longding District,2201,58817
Arunachal Pradesh,2020,1,West Siang District,5757,97255
Arunachal Pradesh,2020,1,Kamle District,373,7135
Arunachal Pradesh,2020,1,Upper Siang District,2143,37600
Arunachal Pradesh,2020,1,Kurung Kumey District,725,11471
Arunachal Pradesh,2020,1,Siang District,1390,24530
Arunachal Pradesh,2020,1,Kra Daadi District,701,16770
Arunachal Pradesh,2020,1,Changlang District,11262,201632
Arunachal Pradesh,2020,1,Pakke Kessang District,371,9758
Arunachal Pradesh,2020,1,East Siang District,11298,167166
Arunachal Pradesh,2020,1,Upper Subansiri District,3675,56522
Arunachal Pradesh,2020,1,Tawang District,8048,138728
Arunachal Pradesh,2020,1,Namsai District,6029,109933
Arunachal Pradesh,2018,1,Lower Subansiri District,498,0
Arunachal Pradesh,2018,1,Tirap District,557,0
Arunachal Pradesh,2018,1,Papum Pare District,7649,0
Arunachal Pradesh,2018,1,Anjaw District,278,0
Arunachal Pradesh,2018,1,Lower Siang District,270,0
Arunachal Pradesh,2018,1,Dibang Valley District,66,0
Arunachal Pradesh,2018,1,West Kameng District,2202,0
Arunachal Pradesh,2018,1,Shi Yomi District,49,0
Arunachal Pradesh,2018,1,East Kameng District,222,0
Arunachal Pradesh,2018,1,Lohit District,1207,0
Arunachal Pradesh,2018,1,Lepa Rada District,210,0
Arunachal Pradesh,2018,1,Lower Dibang Valley District,601,0
Arunachal Pradesh,2018,1,Longding District,256,0
Arunachal Pradesh,2018,1,West Siang District,846,0
Arunachal Pradesh,2018,1,Kamle District,22,0
Arunachal Pradesh,2018,1,Upper Siang District,301,0
Arunachal Pradesh,2018,1,Kurung Kumey District,97,0
Arunachal Pradesh,2018,1,Siang District,192,0
Arunachal Pradesh,2018,1,Kra Daadi District,88,0
Arunachal Pradesh,2018,1,Changlang District,1208,0
Arunachal Pradesh,2018,1,Pakke Kessang District,39,0
Arunachal Pradesh,2018,1,East Siang District,1803,0
Arunachal Pradesh,2018,1,Upper Subansiri District,572,0
Arunachal Pradesh,2018,1,Tawang District,1525,0
Arunachal Pradesh,2018,1,Namsai District,737,0
Karnataka,2022,1,Mysuru District,1410095,60212662
Karnataka,2022,1,Chitradurga District,476042,75601255
Karnataka,2022,1,Kalaburagi District,788989,93474452
Karnataka,2022,1,Ramanagara District,507965,39888160
Karnataka,2022,1,Mandya District,599734,50077987
Karnataka,2022,1,Kodagu District,198895,24301885
Karnataka,2022,1,Chikkamagaluru District,381212,50668007
Karnataka,2022,1,Haveri District,388930,37608581
Karnataka,2022,1,Ballari District,926458,72863480
Karnataka,2022,1,Belagavi District,1477767,113297735
Karnataka,2022,1,Kolar District,697883,46713217
Karnataka,2022,1,Uttara Kannada District,448070,40902658
Karnataka,2022,1,Tumakuru District,966743,108955851
Karnataka,2022,1,Yadgir District,252073,39910614
Karnataka,2022,1,Bengaluru Urban District,12707664,143835471
Karnataka,2022,1,Chikkaballapura District,488750,44271673
Karnataka,2022,1,Davanagere District,662751,51647249
Karnataka,2022,1,Bagalkote District,589114,54473279
Karnataka,2022,1,Vijayapura District,714643,87459432
Karnataka,2022,1,Koppal District,381091,53448713
Karnataka,2022,1,Bidar District,540642,60658637
Karnataka,2022,1,Bengaluru Rural District,833284,27030248
Karnataka,2022,1,Raichur District,562507,72023729
Karnataka,2022,1,Chamarajanagara District,229823,31024564
Karnataka,2022,1,Dakshina Kannada District,965225,24685281
Karnataka,2022,1,Hassan District,644154,71061495
Karnataka,2022,1,Dharwad District,925787,35977756
Karnataka,2022,1,Shivamogga District,643097,59603281
Karnataka,2022,1,Udupi District,494914,19689319
Karnataka,2022,1,Gadag District,296047,35687374
Karnataka,2024,1,Mysuru District,1962181,71535830
Karnataka,2024,1,Chitradurga District,680154,94585924
Karnataka,2024,1,Kalaburagi District,1119845,123460464
Karnataka,2024,1,Ramanagara District,717662,27800103
Karnataka,2024,1,Mandya District,849693,52202665
Karnataka,2024,1,Kodagu District,276644,198415811
Karnataka,2024,1,Chikkamagaluru District,537082,48933568
Karnataka,2024,1,Haveri District,558788,69350492
Karnataka,2024,1,Ballari District,1324531,80947919
Karnataka,2024,1,Belagavi District,2084358,111023855
Karnataka,2024,1,Kolar District,990497,27757276
Karnataka,2024,1,Uttara Kannada District,633449,50852009
Karnataka,2024,1,Tumakuru District,1365972,85014280
Karnataka,2024,1,Yadgir District,363612,48535799
Karnataka,2024,1,Bengaluru Urban District,17506580,170835471
Karnataka,2024,1,Chikkaballapura District,694505,206754304
Karnataka,2024,1,Davanagere District,939100,42033107
Karnataka,2024,1,Bagalkote District,841142,58000704
Karnataka,2024,1,Vijayapura District,1016964,106411985
Karnataka,2024,1,Koppal District,547012,61987161
Karnataka,2024,1,Bidar District,773268,35951988
Karnataka,2024,1,Bengaluru Rural District,1176781,17648106
Karnataka,2024,1,Raichur District,810095,59451697
Karnataka,2024,1,Chamarajanagara District,326186,46929097
Karnataka,2024,1,Dakshina Kannada District,1339128,26651201
Karnataka,2024,1,Hassan District,909593,62577927
Karnataka,2024,1,Dharwad District,1300731,38953845
Karnataka,2024,1,Shivamogga District,905800,97710714
Karnataka,2024,1,Udupi District,693213,26754043
Karnataka,2024,1,Gadag District,423575,36948157
Karnataka,2023,1,Mysuru District,1698270,90161448
Karnataka,2023,1,Chitradurga District,577276,113201382
Karnataka,2023,1,Kalaburagi District,954489,127885464
Karnataka,2023,1,Ramanagara District,615896,59493340
Karnataka,2023,1,Mandya District,727044,76581612
Karnataka,2023,1,Kodagu District,237585,41570834
Karnataka,2023,1,Chikkamagaluru District,459072,92973020
Karnataka,2023,1,Haveri District,473622,66564417
Karnataka,2023,1,Ballari District,1129725,97207505
Karnataka,2023,1,Belagavi District,1785167,175385020
Karnataka,2023,1,Kolar District,847439,53202056
Karnataka,2023,1,Uttara Kannada District,540413,75109453
Karnataka,2023,1,Tumakuru District,1169009,167953401
Karnataka,2023,1,Yadgir District,306691,62015727
Karnataka,2023,1,Bengaluru Urban District,15290372,116442486
Karnataka,2023,1,Chikkaballapura District,593235,60081192
Karnataka,2023,1,Davanagere District,802829,73247103
Karnataka,2023,1,Bagalkote District,716409,88033550
Karnataka,2023,1,Vijayapura District,865920,131690212
Karnataka,2023,1,Koppal District,464500,77932820
Karnataka,2023,1,Bidar District,657828,77934973
Karnataka,2023,1,Bengaluru Rural District,1012098,25835126
Karnataka,2023,1,Raichur District,686370,98007401
Karnataka,2023,1,Chamarajanagara District,277848,56831393
Karnataka,2023,1,Dakshina Kannada District,1159914,38770742
Karnataka,2023,1,Hassan District,778649,113958295
Karnataka,2023,1,Dharwad District,1121054,45460764
Karnataka,2023,1,Shivamogga District,776127,111399847
Karnataka,2023,1,Udupi District,596396,31444575
Karnataka,2023,1,Gadag District,360179,51650130
Karnataka,2019,1,Mysuru District,432208,0
Karnataka,2019,1,Chitradurga District,127578,0
Karnataka,2019,1,Kalaburagi District,230020,0
Karnataka,2019,1,Ramanagara District,148213,0
Karnataka,2019,1,Mandya District,164533,0
Karnataka,2019,1,Kodagu District,47953,0
Karnataka,2019,1,Chikkamagaluru District,98090,0
Karnataka,2019,1,Haveri District,100853,0
Karnataka,2019,1,Ballari District,281648,0
Karnataka,2019,1,Belagavi District,412265,0
Karnataka,2019,1,Kolar District,201909,0
Karnataka,2019,1,Uttara Kannada District,131243,0
Karnataka,2019,1,Tumakuru District,258398,0
Karnataka,2019,1,Yadgir District,67099,0
Karnataka,2019,1,Bengaluru Urban District,5003207,0
Karnataka,2019,1,Chikkaballapura District,137719,0
Karnataka,2019,1,Davanagere District,191840,0
Karnataka,2019,1,Bagalkote District,173415,0
Karnataka,2019,1,Vijayapura District,199735,0
Karnataka,2019,1,Koppal District,103151,0
Karnataka,2019,1,Bidar District,160253,0
Karnataka,2019,1,Bengaluru Rural District,267147,0
Karnataka,2019,1,Raichur District,163836,0
Karnataka,2019,1,Chamarajanagara District,59101,0
Karnataka,2019,1,Dakshina Kannada District,254135,0
Karnataka,2019,1,Hassan District,169484,0
Karnataka,2019,1,Dharwad District,287568,0
Karnataka,2019,1,Shivamogga District,174221,0
Karnataka,2019,1,Udupi District,136628,0
Karnataka,2019,1,Gadag District,82724,0
Karnataka,2021,1,Mysuru District,1094627,42998885
Karnataka,2021,1,Chitradurga District,359774,13146825
Karnataka,2021,1,Kalaburagi District,602937,24147877
Karnataka,2021,1,Ramanagara District,389219,18160635
Karnataka,2021,1,Mandya District,458538,17976756
Karnataka,2021,1,Kodagu District,153053,4337845
Karnataka,2021,1,Chikkamagaluru District,289630,8631829
Karnataka,2021,1,Haveri District,293899,8803231
Karnataka,2021,1,Ballari District,705364,32592485
Karnataka,2021,1,Belagavi District,1132987,34752351
Karnataka,2021,1,Kolar District,534157,25549286
Karnataka,2021,1,Uttara Kannada District,343355,9070620
Karnataka,2021,1,Tumakuru District,736609,30118851
Karnataka,2021,1,Yadgir District,189271,7214734
Karnataka,2021,1,Bengaluru Urban District,9955387,554419656
Karnataka,2021,1,Chikkaballapura District,372241,17087913
Karnataka,2021,1,Davanagere District,508179,17621765
Karnataka,2021,1,Bagalkote District,447765,15053079
Karnataka,2021,1,Vijayapura District,543181,19138250
Karnataka,2021,1,Koppal District,287597,11497598
Karnataka,2021,1,Bidar District,411728,19569082
Karnataka,2021,1,Bengaluru Rural District,639890,34184669
Karnataka,2021,1,Raichur District,424252,17480505
Karnataka,2021,1,Chamarajanagara District,174952,5520986
Karnataka,2021,1,Dakshina Kannada District,746964,18655914
Karnataka,2021,1,Hassan District,490609,16390159
Karnataka,2021,1,Dharwad District,714056,28863170
Karnataka,2021,1,Shivamogga District,491220,14935102
Karnataka,2021,1,Udupi District,380553,9126747
Karnataka,2021,1,Gadag District,223838,7870580
Karnataka,2020,1,Mysuru District,764697,23157562
Karnataka,2020,1,Chitradurga District,233840,6183299
Karnataka,2020,1,Kalaburagi District,402676,10731948
Karnataka,2020,1,Ramanagara District,267981,9733240
Karnataka,2020,1,Mandya District,309136,9387333
Karnataka,2020,1,Kodagu District,98612,1929841
Karnataka,2020,1,Chikkamagaluru District,186487,3874339
Karnataka,2020,1,Haveri District,184781,3960695
Karnataka,2020,1,Ballari District,481004,16047162
Karnataka,2020,1,Belagavi District,746925,17121517
Karnataka,2020,1,Kolar District,361750,12303181
Karnataka,2020,1,Uttara Kannada District,226792,4118524
Karnataka,2020,1,Tumakuru District,488995,14944882
Karnataka,2020,1,Yadgir District,121589,3264873
Karnataka,2020,1,Bengaluru Urban District,7564577,365358412
Karnataka,2020,1,Chikkaballapura District,250163,8606320
Karnataka,2020,1,Davanagere District,337445,8693016
Karnataka,2020,1,Bagalkote District,293935,7199781
Karnataka,2020,1,Vijayapura District,357428,9313061
Karnataka,2020,1,Koppal District,185866,5100820
Karnataka,2020,1,Bidar District,275072,8639094
Karnataka,2020,1,Bengaluru Rural District,455608,18109090
Karnataka,2020,1,Raichur District,285797,8561095
Karnataka,2020,1,Chamarajanagara District,112400,2677247
Karnataka,2020,1,Dakshina Kannada District,481992,9167438
Karnataka,2020,1,Hassan District,318850,7555719
Karnataka,2020,1,Dharwad District,502446,15318060
Karnataka,2020,1,Shivamogga District,324957,7363924
Karnataka,2020,1,Udupi District,247646,4331891
Karnataka,2020,1,Gadag District,147533,3734672
Karnataka,2018,1,Mysuru District,150799,0
Karnataka,2018,1,Chitradurga District,41656,0
Karnataka,2018,1,Kalaburagi District,81933,0
Karnataka,2018,1,Ramanagara District,47100,0
Karnataka,2018,1,Mandya District,50951,0
Karnataka,2018,1,Kodagu District,14783,0
Karnataka,2018,1,Chikkamagaluru District,32240,0
Karnataka,2018,1,Haveri District,33262,0
Karnataka,2018,1,Ballari District,103566,0
Karnataka,2018,1,Belagavi District,140320,0
Karnataka,2018,1,Kolar District,60498,0
Karnataka,2018,1,Uttara Kannada District,48635,0
Karnataka,2018,1,Tumakuru District,82955,0
Karnataka,2018,1,Yadgir District,21121,0
Karnataka,2018,1,Bengaluru Urban District,1922368,0
Karnataka,2018,1,Chikkaballapura District,43074,0
Karnataka,2018,1,Davanagere District,68178,0
Karnataka,2018,1,Bagalkote District,63460,0
Karnataka,2018,1,Vijayapura District,68814,0
Karnataka,2018,1,Koppal District,34963,0
Karnataka,2018,1,Bidar District,58446,0
Karnataka,2018,1,Bengaluru Rural District,87955,0
Karnataka,2018,1,Raichur District,58544,0
Karnataka,2018,1,Chamarajanagara District,17398,0
Karnataka,2018,1,Dakshina Kannada District,87491,0
Karnataka,2018,1,Hassan District,51642,0
Karnataka,2018,1,Dharwad District,106877,0
Karnataka,2018,1,Shivamogga District,60797,0
Karnataka,2018,1,Udupi District,49362,0
Karnataka,2018,1,Gadag District,28575,0
Jammu & Kashmir,2022,1,Muzaffarabad District,540,480972
Jammu & Kashmir,2022,1,Doda District,35680,3731468
Jammu & Kashmir,2022,1,Samba District,70288,2419072
Jammu & Kashmir,2022,1,Mirpur District,7177,1274287
Jammu & Kashmir,2022,1,Srinagar District,138727,1353992
Jammu & Kashmir,2022,1,Baramulla District,119475,3187493
Jammu & Kashmir,2022,1,Jammu District,401675,7369217
Jammu & Kashmir,2022,1,Ganderbal District,29427,1086867
Jammu & Kashmir,2022,1,Udhampur District,78353,4561115
Jammu & Kashmir,2022,1,Bandipore District,32427,1906499
Jammu & Kashmir,2022,1,Reasi District,37052,4089782
Jammu & Kashmir,2022,1,Shopian District,22173,601448
Jammu & Kashmir,2022,1,Poonch District,38315,3572503
Jammu & Kashmir,2022,1,Kathua District,83944,6051993
Jammu & Kashmir,2022,1,Kishtwar District,16418,3226678
Jammu & Kashmir,2022,1,Pulwama District,61306,1541606
Jammu & Kashmir,2022,1,Ramban District,22686,1936558
Jammu & Kashmir,2022,1,Rajouri District,63232,5359687
Jammu & Kashmir,2022,1,Kulgam District,42103,973922
Jammu & Kashmir,2022,1,Budgam District,88994,1081801
Jammu & Kashmir,2022,1,Anantnag District,80434,2235395
Jammu & Kashmir,2022,1,Kupwara District,78894,4073502
Jammu & Kashmir,2024,1,Muzaffarabad District,768,1652016
Jammu & Kashmir,2024,1,Doda District,51616,23936684
Jammu & Kashmir,2024,1,Samba District,99768,10842502
Jammu & Kashmir,2024,1,Mirpur District,10169,8075855
Jammu & Kashmir,2024,1,Srinagar District,194780,4072112
Jammu & Kashmir,2024,1,Baramulla District,169476,19679158
Jammu & Kashmir,2024,1,Jammu District,563905,25557799
Jammu & Kashmir,2024,1,Ganderbal District,41862,11344697
Jammu & Kashmir,2024,1,Udhampur District,111438,32658305
Jammu & Kashmir,2024,1,Bandipore District,45943,5171388
Jammu & Kashmir,2024,1,Reasi District,52844,20024281
Jammu & Kashmir,2024,1,Shopian District,31858,12816239
Jammu & Kashmir,2024,1,Poonch District,55003,14855903
Jammu & Kashmir,2024,1,Kathua District,119369,30586377
Jammu & Kashmir,2024,1,Kishtwar District,23498,10601460
Jammu & Kashmir,2024,1,Pulwama District,86885,13351008
Jammu & Kashmir,2024,1,Ramban District,32701,16856179
Jammu & Kashmir,2024,1,Rajouri District,90494,32539052
Jammu & Kashmir,2024,1,Kulgam District,60317,5115898
Jammu & Kashmir,2024,1,Budgam District,126146,9185131
Jammu & Kashmir,2024,1,Anantnag District,114215,19151013
Jammu & Kashmir,2024,1,Kupwara District,112748,14506264
Jammu & Kashmir,2023,1,Muzaffarabad District,622,1000008
Jammu & Kashmir,2023,1,Doda District,43097,11147268
Jammu & Kashmir,2023,1,Samba District,85114,4890989
Jammu & Kashmir,2023,1,Mirpur District,8495,2786174
Jammu & Kashmir,2023,1,Srinagar District,167765,1977179
Jammu & Kashmir,2023,1,Baramulla District,144514,6961193
Jammu & Kashmir,2023,1,Jammu District,485903,17150597
Jammu & Kashmir,2023,1,Ganderbal District,35514,2023040
Jammu & Kashmir,2023,1,Udhampur District,94792,11747882
Jammu & Kashmir,2023,1,Bandipore District,39106,2724864
Jammu & Kashmir,2023,1,Reasi District,44602,8133522
Jammu & Kashmir,2023,1,Shopian District,26874,1553342
Jammu & Kashmir,2023,1,Poonch District,46382,7586998
Jammu & Kashmir,2023,1,Kathua District,100962,12383545
Jammu & Kashmir,2023,1,Kishtwar District,19740,6574667
Jammu & Kashmir,2023,1,Pulwama District,74016,3500620
Jammu & Kashmir,2023,1,Ramban District,27571,4925109
Jammu & Kashmir,2023,1,Rajouri District,76256,10780591
Jammu & Kashmir,2023,1,Kulgam District,51100,1477596
Jammu & Kashmir,2023,1,Budgam District,107555,2252134
Jammu & Kashmir,2023,1,Anantnag District,97227,5022207
Jammu & Kashmir,2023,1,Kupwara District,95832,8229186
Jammu & Kashmir,2019,1,Muzaffarabad District,170,0
Jammu & Kashmir,2019,1,Doda District,9896,0
Jammu & Kashmir,2019,1,Samba District,21495,0
Jammu & Kashmir,2019,1,Mirpur District,1891,0
Jammu & Kashmir,2019,1,Srinagar District,52762,0
Jammu & Kashmir,2019,1,Baramulla District,45150,0
Jammu & Kashmir,2019,1,Jammu District,134408,0
Jammu & Kashmir,2019,1,Ganderbal District,11236,0
Jammu & Kashmir,2019,1,Udhampur District,25515,0
Jammu & Kashmir,2019,1,Bandipore District,12419,0
Jammu & Kashmir,2019,1,Reasi District,11440,0
Jammu & Kashmir,2019,1,Shopian District,7625,0
Jammu & Kashmir,2019,1,Poonch District,10838,0
Jammu & Kashmir,2019,1,Kathua District,25620,0
Jammu & Kashmir,2019,1,Kishtwar District,4732,0
Jammu & Kashmir,2019,1,Pulwama District,23230,0
Jammu & Kashmir,2019,1,Ramban District,7125,0
Jammu & Kashmir,2019,1,Rajouri District,19212,0
Jammu & Kashmir,2019,1,Kulgam District,16003,0
Jammu & Kashmir,2019,1,Budgam District,34255,0
Jammu & Kashmir,2019,1,Anantnag District,30103,0
Jammu & Kashmir,2019,1,Kupwara District,25544,0
Jammu & Kashmir,2021,1,Muzaffarabad District,377,9533
Jammu & Kashmir,2021,1,Doda District,26460,385972
Jammu & Kashmir,2021,1,Samba District,53123,846106
Jammu & Kashmir,2021,1,Mirpur District,5198,91729
Jammu & Kashmir,2021,1,Srinagar District,107147,1800718
Jammu & Kashmir,2021,1,Baramulla District,90607,1419562
Jammu & Kashmir,2021,1,Jammu District,307670,4748576
Jammu & Kashmir,2021,1,Ganderbal District,22249,307343
Jammu & Kashmir,2021,1,Udhampur District,58664,1005055
Jammu & Kashmir,2021,1,Bandipore District,24662,380806
Jammu & Kashmir,2021,1,Reasi District,27524,560191
Jammu & Kashmir,2021,1,Shopian District,16657,257342
Jammu & Kashmir,2021,1,Poonch District,28300,438878
Jammu & Kashmir,2021,1,Kathua District,62777,999489
Jammu & Kashmir,2021,1,Kishtwar District,12235,192499
Jammu & Kashmir,2021,1,Pulwama District,46731,822230
Jammu & Kashmir,2021,1,Ramban District,16907,314751
Jammu & Kashmir,2021,1,Rajouri District,47092,761083
Jammu & Kashmir,2021,1,Kulgam District,31882,413955
Jammu & Kashmir,2021,1,Budgam District,67920,1094310
Jammu & Kashmir,2021,1,Anantnag District,61151,943863
Jammu & Kashmir,2021,1,Kupwara District,59485,1040018
Jammu & Kashmir,2020,1,Muzaffarabad District,240,1138
Jammu & Kashmir,2020,1,Doda District,14537,88134
Jammu & Kashmir,2020,1,Samba District,31570,209115
Jammu & Kashmir,2020,1,Mirpur District,2835,23464
Jammu & Kashmir,2020,1,Srinagar District,70755,383851
Jammu & Kashmir,2020,1,Baramulla District,59123,288334
Jammu & Kashmir,2020,1,Jammu District,191031,1199860
Jammu & Kashmir,2020,1,Ganderbal District,14573,80254
Jammu & Kashmir,2020,1,Udhampur District,35408,262540
Jammu & Kashmir,2020,1,Bandipore District,16451,83494
Jammu & Kashmir,2020,1,Reasi District,16592,136328
Jammu & Kashmir,2020,1,Shopian District,10313,57817
Jammu & Kashmir,2020,1,Poonch District,16495,115169
Jammu & Kashmir,2020,1,Kathua District,37300,272391
Jammu & Kashmir,2020,1,Kishtwar District,7124,49904
Jammu & Kashmir,2020,1,Pulwama District,30796,200550
Jammu & Kashmir,2020,1,Ramban District,10267,83488
Jammu & Kashmir,2020,1,Rajouri District,28089,187260
Jammu & Kashmir,2020,1,Kulgam District,21070,96392
Jammu & Kashmir,2020,1,Budgam District,44636,248728
Jammu & Kashmir,2020,1,Anantnag District,39513,175619
Jammu & Kashmir,2020,1,Kupwara District,36690,233064
Jammu & Kashmir,2018,1,Muzaffarabad District,41,0
Jammu & Kashmir,2018,1,Doda District,2648,0
Jammu & Kashmir,2018,1,Samba District,6534,0
Jammu & Kashmir,2018,1,Mirpur District,544,0
Jammu & Kashmir,2018,1,Srinagar District,18233,0
Jammu & Kashmir,2018,1,Baramulla District,16299,0
Jammu & Kashmir,2018,1,Jammu District,45294,0
Jammu & Kashmir,2018,1,Ganderbal District,4117,0
Jammu & Kashmir,2018,1,Udhampur District,8457,0
Jammu & Kashmir,2018,1,Bandipore District,4609,0
Jammu & Kashmir,2018,1,Reasi District,3583,0
Jammu & Kashmir,2018,1,Shopian District,2537,0
Jammu & Kashmir,2018,1,Poonch District,2539,0
Jammu & Kashmir,2018,1,Kathua District,8039,0
Jammu & Kashmir,2018,1,Kishtwar District,1298,0
Jammu & Kashmir,2018,1,Pulwama District,8441,0
Jammu & Kashmir,2018,1,Ramban District,1876,0
Jammu & Kashmir,2018,1,Rajouri District,5232,0
Jammu & Kashmir,2018,1,Kulgam District,5700,0
Jammu & Kashmir,2018,1,Budgam District,11594,0
Jammu & Kashmir,2018,1,Anantnag District,11556,0
Jammu & Kashmir,2018,1,Kupwara District,7254,0
Maharashtra,2022,1,Jalgaon District,1156268,72850684
Maharashtra,2022,1,Latur District,764670,56012514
Maharashtra,2022,1,Thane District,5196050,36680314
Maharashtra,2022,1,Bhandara District,317709,17152369
Maharashtra,2022,1,Nandurbar District,266795,27838113
Maharashtra,2022,1,Chandrapur District,570979,46226115
Maharashtra,2022,1,Kolhapur District,1357916,44102892
Maharashtra,2022,1,Solapur District,1565902,178663433
Maharashtra,2022,1,Mumbai District,1873643,6937597
Maharashtra,2022,1,Sindhudurg District,208291,14208273
Maharashtra,2022,1,Dhule District,517310,42627770
Maharashtra,2022,1,Wardha District,368011,28821210
Maharashtra,2022,1,Parbhani District,450092,48613776
Maharashtra,2022,1,Mumbai Suburban District,5017556,20523596
Maharashtra,2022,1,Hingoli District,247201,28802775
Maharashtra,2022,1,Ratnagiri District,366636,22168726
Maharashtra,2022,1,Nanded District,818876,75402365
Maharashtra,2022,1,Osmanabad District,479545,78950852
Maharashtra,2022,1,Nagpur District,2286011,62584115
Maharashtra,2022,1,Buldhana District,698097,72532489
Maharashtra,2022,1,Nashik District,2661739,123708845
Maharashtra,2022,1,Akola District,473498,34414449
Maharashtra,2022,1,Yavatmal District,548600,60532112
Maharashtra,2022,1,Aurangabad District,1894797,102754741
Maharashtra,2022,1,Amravati District,868057,58399645
Maharashtra,2022,1,Washim District,266019,33931899
Maharashtra,2022,1,Sangli District,921182,74801129
Maharashtra,2022,1,Gadchiroli District,186967,21889562
Maharashtra,2022,1,Raigad District,1544883,32504167
Maharashtra,2022,1,Palghar District,1601518,33545649
Maharashtra,2022,1,Jalna District,547672,64639245
Maharashtra,2022,1,Gondia District,296361,20628768
Maharashtra,2022,1,Ahmednagar District,1749682,162352399
Maharashtra,2022,1,Pune District,8331582,196168807
Maharashtra,2022,1,Beed District,717334,87680370
Maharashtra,2022,1,Satara District,1090181,68117749
Maharashtra,2024,1,Jalgaon District,1655767,100366632
Maharashtra,2024,1,Latur District,1085739,55138846
Maharashtra,2024,1,Thane District,7314981,47064674
Maharashtra,2024,1,Bhandara District,455693,21315665
Maharashtra,2024,1,Nandurbar District,381655,122900445
Maharashtra,2024,1,Chandrapur District,816312,78851650
Maharashtra,2024,1,Kolhapur District,1904855,47701532
Maharashtra,2024,1,Solapur District,2209975,144348109
Maharashtra,2024,1,Mumbai District,2634732,7389946
Maharashtra,2024,1,Sindhudurg District,292412,41589733
Maharashtra,2024,1,Dhule District,741512,80491589
Maharashtra,2024,1,Wardha District,521047,44230104
Maharashtra,2024,1,Parbhani District,644981,49341896
Maharashtra,2024,1,Mumbai Suburban District,7055629,20176718
Maharashtra,2024,1,Hingoli District,357576,38095466
Maharashtra,2024,1,Ratnagiri District,514722,85113251
Maharashtra,2024,1,Nanded District,1174088,124493246
Maharashtra,2024,1,Osmanabad District,682522,86972999
Maharashtra,2024,1,Nagpur District,3225345,74032670
Maharashtra,2024,1,Buldhana District,1007060,82411375
Maharashtra,2024,1,Nashik District,3747440,319243191
Maharashtra,2024,1,Akola District,677646,56758744
Maharashtra,2024,1,Yavatmal District,787805,133780461
Maharashtra,2024,1,Aurangabad District,2679421,112799518
Maharashtra,2024,1,Amravati District,1239220,111929956
Maharashtra,2024,1,Washim District,383642,54014422
Maharashtra,2024,1,Sangli District,1297851,93327397
Maharashtra,2024,1,Gadchiroli District,269078,100315402
Maharashtra,2024,1,Raigad District,2171470,79449007
Maharashtra,2024,1,Palghar District,2286819,116363439
Maharashtra,2024,1,Jalna District,789850,64136915
Maharashtra,2024,1,Gondia District,422621,41565184
Maharashtra,2024,1,Ahmednagar District,2477859,177100847
Maharashtra,2024,1,Pune District,11546171,261232255
Maharashtra,2024,1,Beed District,1026063,79678973
Maharashtra,2024,1,Satara District,1537317,73242486
Maharashtra,2023,1,Jalgaon District,1410012,107009647
Maharashtra,2023,1,Latur District,927949,76927056
Maharashtra,2023,1,Thane District,6314618,37717587
Maharashtra,2023,1,Bhandara District,386568,23757706
Maharashtra,2023,1,Nandurbar District,324445,45901937
Maharashtra,2023,1,Chandrapur District,693485,70031826
Maharashtra,2023,1,Kolhapur District,1639701,69294490
Maharashtra,2023,1,Solapur District,1892509,279137206
Maharashtra,2023,1,Mumbai District,2276888,5500107
Maharashtra,2023,1,Sindhudurg District,249054,20400172
Maharashtra,2023,1,Dhule District,631067,65562712
Maharashtra,2023,1,Wardha District,444462,49746421
Maharashtra,2023,1,Parbhani District,547272,72980274
Maharashtra,2023,1,Mumbai Suburban District,6095695,16558562
Maharashtra,2023,1,Hingoli District,301638,45157514
Maharashtra,2023,1,Ratnagiri District,440075,39482971
Maharashtra,2023,1,Nanded District,996734,106121861
Maharashtra,2023,1,Osmanabad District,580445,99762242
Maharashtra,2023,1,Nagpur District,2775157,81061975
Maharashtra,2023,1,Buldhana District,852571,103688626
Maharashtra,2023,1,Nashik District,3223873,184271268
Maharashtra,2023,1,Akola District,577226,53639246
Maharashtra,2023,1,Yavatmal District,666609,107124986
Maharashtra,2023,1,Aurangabad District,2300283,134847142
Maharashtra,2023,1,Amravati District,1056858,86244605
Maharashtra,2023,1,Washim District,324314,54317789
Maharashtra,2023,1,Sangli District,1112360,117179900
Maharashtra,2023,1,Gadchiroli District,226894,42377069
Maharashtra,2023,1,Raigad District,1871153,46986782
Maharashtra,2023,1,Palghar District,1957628,53816474
Maharashtra,2023,1,Jalna District,668316,93933311
Maharashtra,2023,1,Gondia District,359604,31018390
Maharashtra,2023,1,Ahmednagar District,2119506,223886663
Maharashtra,2023,1,Pune District,10037022,258541142
Maharashtra,2023,1,Beed District,870961,133891530
Maharashtra,2023,1,Satara District,1317832,106275736
Maharashtra,2019,1,Jalgaon District,383547,0
Maharashtra,2019,1,Latur District,250662,0
Maharashtra,2019,1,Thane District,1834051,0
Maharashtra,2019,1,Bhandara District,103514,0
Maharashtra,2019,1,Nandurbar District,77352,0
Maharashtra,2019,1,Chandrapur District,178696,0
Maharashtra,2019,1,Kolhapur District,454858,0
Maharashtra,2019,1,Solapur District,505662,0
Maharashtra,2019,1,Mumbai District,670094,0
Maharashtra,2019,1,Sindhudurg District,58911,0
Maharashtra,2019,1,Dhule District,166252,0
Maharashtra,2019,1,Wardha District,120193,0
Maharashtra,2019,1,Parbhani District,138597,0
Maharashtra,2019,1,Mumbai Suburban District,1901210,0
Maharashtra,2019,1,Hingoli District,72615,0
Maharashtra,2019,1,Ratnagiri District,103057,0
Maharashtra,2019,1,Nanded District,252342,0
Maharashtra,2019,1,Osmanabad District,145109,0
Maharashtra,2019,1,Nagpur District,765612,0
Maharashtra,2019,1,Buldhana District,218739,0
Maharashtra,2019,1,Nashik District,853648,0
Maharashtra,2019,1,Akola District,144784,0
Maharashtra,2019,1,Yavatmal District,155775,0
Maharashtra,2019,1,Aurangabad District,644687,0
Maharashtra,2019,1,Amravati District,260174,0
Maharashtra,2019,1,Washim District,78091,0
Maharashtra,2019,1,Sangli District,291314,0
Maharashtra,2019,1,Gadchiroli District,57518,0
Maharashtra,2019,1,Raigad District,509108,0
Maharashtra,2019,1,Palghar District,521918,0
Maharashtra,2019,1,Jalna District,156361,0
Maharashtra,2019,1,Gondia District,98644,0
Maharashtra,2019,1,Ahmednagar District,532651,0
Maharashtra,2019,1,Pune District,3038402,0
Maharashtra,2019,1,Beed District,207350,0
Maharashtra,2019,1,Satara District,332953,0
Maharashtra,2021,1,Jalgaon District,880235,24564263
Maharashtra,2021,1,Latur District,582713,19927797
Maharashtra,2021,1,Thane District,4014464,95853664
Maharashtra,2021,1,Bhandara District,241307,5724141
Maharashtra,2021,1,Nandurbar District,200690,5232672
Maharashtra,2021,1,Chandrapur District,433697,10769204
Maharashtra,2021,1,Kolhapur District,1048158,24082808
Maharashtra,2021,1,Solapur District,1199130,43629720
Maharashtra,2021,1,Mumbai District,1450548,29473502
Maharashtra,2021,1,Sindhudurg District,158487,2681466
Maharashtra,2021,1,Dhule District,391549,11609420
Maharashtra,2021,1,Wardha District,281356,6547455
Maharashtra,2021,1,Parbhani District,341747,10585846
Maharashtra,2021,1,Mumbai Suburban District,3886500,82964739
Maharashtra,2021,1,Hingoli District,184818,5031701
Maharashtra,2021,1,Ratnagiri District,279598,4518936
Maharashtra,2021,1,Nanded District,620908,19605168
Maharashtra,2021,1,Osmanabad District,363717,13404694
Maharashtra,2021,1,Nagpur District,1761562,50475590
Maharashtra,2021,1,Buldhana District,526980,16060285
Maharashtra,2021,1,Nashik District,2049293,73733644
Maharashtra,2021,1,Akola District,359424,8842396
Maharashtra,2021,1,Yavatmal District,411242,10054649
Maharashtra,2021,1,Aurangabad District,1456891,56978295
Maharashtra,2021,1,Amravati District,660582,18290419
Maharashtra,2021,1,Washim District,199116,5342030
Maharashtra,2021,1,Sangli District,706867,18164337
Maharashtra,2021,1,Gadchiroli District,140084,3550696
Maharashtra,2021,1,Raigad District,1189907,31848388
Maharashtra,2021,1,Palghar District,1225423,27805492
Maharashtra,2021,1,Jalna District,411010,13687818
Maharashtra,2021,1,Gondia District,224168,5277879
Maharashtra,2021,1,Ahmednagar District,1333477,46024131
Maharashtra,2021,1,Pune District,6481971,257611232
Maharashtra,2021,1,Beed District,543616,17941211
Maharashtra,2021,1,Satara District,836302,24080796
Maharashtra,2020,1,Jalgaon District,605036,12727925
Maharashtra,2020,1,Latur District,398366,9141940
Maharashtra,2020,1,Thane District,2878073,53154761
Maharashtra,2020,1,Bhandara District,165915,3071689
Maharashtra,2020,1,Nandurbar District,128739,2392415
Maharashtra,2020,1,Chandrapur District,291058,5043795
Maharashtra,2020,1,Kolhapur District,738677,12526668
Maharashtra,2020,1,Solapur District,821512,19906885
Maharashtra,2020,1,Mumbai District,1054509,17783664
Maharashtra,2020,1,Sindhudurg District,102279,1353095
Maharashtra,2020,1,Dhule District,263999,5557414
Maharashtra,2020,1,Wardha District,193238,3587576
Maharashtra,2020,1,Parbhani District,225598,4936460
Maharashtra,2020,1,Mumbai Suburban District,2843378,50630793
Maharashtra,2020,1,Hingoli District,119554,2440502
Maharashtra,2020,1,Ratnagiri District,181890,2408762
Maharashtra,2020,1,Nanded District,412138,9230338
Maharashtra,2020,1,Osmanabad District,245431,6174822
Maharashtra,2020,1,Nagpur District,1251510,30161903
Maharashtra,2020,1,Buldhana District,353711,8032264
Maharashtra,2020,1,Nashik District,1448324,41136042
Maharashtra,2020,1,Akola District,239492,4334880
Maharashtra,2020,1,Yavatmal District,264447,4789053
Maharashtra,2020,1,Aurangabad District,1046306,32972844
Maharashtra,2020,1,Amravati District,452583,11261486
Maharashtra,2020,1,Washim District,129675,2509326
Maharashtra,2020,1,Sangli District,482269,8449960
Maharashtra,2020,1,Gadchiroli District,93237,1755477
Maharashtra,2020,1,Raigad District,830643,15575119
Maharashtra,2020,1,Palghar District,848560,15443541
Maharashtra,2020,1,Jalna District,273333,6634039
Maharashtra,2020,1,Gondia District,154128,2821505
Maharashtra,2020,1,Ahmednagar District,905962,21793085
Maharashtra,2020,1,Pune District,4802397,166264817
Maharashtra,2020,1,Beed District,352440,7689104
Maharashtra,2020,1,Satara District,569983,11452619
Maharashtra,2018,1,Jalgaon District,156359,0
Maharashtra,2018,1,Latur District,101698,0
Maharashtra,2018,1,Thane District,631864,0
Maharashtra,2018,1,Bhandara District,38732,0
Maharashtra,2018,1,Nandurbar District,27766,0
Maharashtra,2018,1,Chandrapur District,67034,0
Maharashtra,2018,1,Kolhapur District,172528,0
Maharashtra,2018,1,Solapur District,190033,0
Maharashtra,2018,1,Mumbai District,233538,0
Maharashtra,2018,1,Sindhudurg District,19427,0
Maharashtra,2018,1,Dhule District,63040,0
Maharashtra,2018,1,Wardha District,46502,0
Maharashtra,2018,1,Parbhani District,57487,0
Maharashtra,2018,1,Mumbai Suburban District,719300,0
Maharashtra,2018,1,Hingoli District,27545,0
Maharashtra,2018,1,Ratnagiri District,32596,0
Maharashtra,2018,1,Nanded District,99716,0
Maharashtra,2018,1,Osmanabad District,51994,0
Maharashtra,2018,1,Nagpur District,280007,0
Maharashtra,2018,1,Buldhana District,84962,0
Maharashtra,2018,1,Nashik District,321402,0
Maharashtra,2018,1,Akola District,56295,0
Maharashtra,2018,1,Yavatmal District,57137,0
Maharashtra,2018,1,Aurangabad District,266324,0
Maharashtra,2018,1,Amravati District,100458,0
Maharashtra,2018,1,Washim District,29299,0
Maharashtra,2018,1,Sangli District,108867,0
Maharashtra,2018,1,Gadchiroli District,20462,0
Maharashtra,2018,1,Raigad District,173015,0
Maharashtra,2018,1,Palghar District,172502,0
Maharashtra,2018,1,Jalna District,60373,0
Maharashtra,2018,1,Gondia District,37761,0
Maharashtra,2018,1,Ahmednagar District,197473,0
Maharashtra,2018,1,Pune District,1211643,0
Maharashtra,2018,1,Beed District,75552,0
Maharashtra,2018,1,Satara District,116303,0
Odisha,2022,1,Rayagada District,199745,27904765
Odisha,2022,1,Koraput District,224651,39781670
Odisha,2022,1,Malkangiri District,80251,18234967
Odisha,2022,1,Sambalpur District,337359,22839033
Odisha,2022,1,Kalahandi District,282939,30504810
Odisha,2022,1,Anugul District,416483,17717957
Odisha,2022,1,Ganjam District,946066,35224808
Odisha,2022,1,Jajapur District,636291,13870670
Odisha,2022,1,Bargarh District,288188,21570405
Odisha,2022,1,Dhenkanal District,334288,18904610
Odisha,2022,1,Bhadrak District,481063,11229503
Odisha,2022,1,Nuapada District,96377,14268956
Odisha,2022,1,Kendujhar District,469295,38823385
Odisha,2022,1,Mayurbhanj District,426398,37004061
Odisha,2022,1,Jharsuguda District,234082,10212241
Odisha,2022,1,Kandhamal District,110888,16470623
Odisha,2022,1,Deogarh District,50320,8099241
Odisha,2022,1,Sundargarh District,592346,40157197
Odisha,2022,1,Jagatsinghapur District,392154,6174742
Odisha,2022,1,Balangir District,317138,28639512
Odisha,2022,1,Baleshwar District,728990,15519468
Odisha,2022,1,Puri District,564442,14364283
Odisha,2022,1,Sonepur District,125997,10956996
Odisha,2022,1,Khordha District,1827307,23177026
Odisha,2022,1,Boudh District,77892,8481506
Odisha,2022,1,Gajapati District,99565,16191101
Odisha,2022,1,Nayagarh District,260324,11960161
Odisha,2022,1,Nabarangpur District,117939,27644841
Odisha,2022,1,Kendrapara District,384475,10109615
Odisha,2022,1,Cuttack District,1021526,17817312
Odisha,2024,1,Rayagada District,289418,84231218
Odisha,2024,1,Koraput District,321793,155614838
Odisha,2024,1,Malkangiri District,116714,35002261
Odisha,2024,1,Sambalpur District,482779,37822086
Odisha,2024,1,Kalahandi District,411197,75443994
Odisha,2024,1,Anugul District,600818,27707524
Odisha,2024,1,Ganjam District,1360516,49825742
Odisha,2024,1,Jajapur District,915677,7439403
Odisha,2024,1,Bargarh District,414483,30828088
Odisha,2024,1,Dhenkanal District,483284,25394579
Odisha,2024,1,Bhadrak District,690358,10475412
Odisha,2024,1,Nuapada District,139178,37343290
Odisha,2024,1,Kendujhar District,678417,66960668
Odisha,2024,1,Mayurbhanj District,617734,71282218
Odisha,2024,1,Jharsuguda District,336999,12247256
Odisha,2024,1,Kandhamal District,160365,57762836
Odisha,2024,1,Deogarh District,72961,17370714
Odisha,2024,1,Sundargarh District,847722,93123945
Odisha,2024,1,Jagatsinghapur District,562773,6821440
Odisha,2024,1,Balangir District,457944,91531478
Odisha,2024,1,Baleshwar District,1047618,21191336
Odisha,2024,1,Puri District,807052,9926271
Odisha,2024,1,Sonepur District,182955,12909994
Odisha,2024,1,Khordha District,2577853,20194548
Odisha,2024,1,Boudh District,112899,18568686
Odisha,2024,1,Gajapati District,144440,32062714
Odisha,2024,1,Nayagarh District,375269,19411288
Odisha,2024,1,Nabarangpur District,171513,103063932
Odisha,2024,1,Kendrapara District,553069,6162737
Odisha,2024,1,Cuttack District,1459368,9630613
Odisha,2023,1,Rayagada District,244361,41877308
Odisha,2023,1,Koraput District,272545,76368959
Odisha,2023,1,Malkangiri District,97476,33570173
Odisha,2023,1,Sambalpur District,410880,34949887
Odisha,2023,1,Kalahandi District,346059,52355760
Odisha,2023,1,Anugul District,509422,26034792
Odisha,2023,1,Ganjam District,1156695,48949213
Odisha,2023,1,Jajapur District,779435,14136512
Odisha,2023,1,Bargarh District,349731,32727699
Odisha,2023,1,Dhenkanal District,408554,32611252
Odisha,2023,1,Bhadrak District,587089,10221519
Odisha,2023,1,Nuapada District,116868,27717325
Odisha,2023,1,Kendujhar District,573097,56965598
Odisha,2023,1,Mayurbhanj District,519691,62295715
Odisha,2023,1,Jharsuguda District,286528,14203446
Odisha,2023,1,Kandhamal District,135276,26810679
Odisha,2023,1,Deogarh District,60935,13180411
Odisha,2023,1,Sundargarh District,721849,65121077
Odisha,2023,1,Jagatsinghapur District,478526,7618009
Odisha,2023,1,Balangir District,386539,45307557
Odisha,2023,1,Baleshwar District,890218,17216027
Odisha,2023,1,Puri District,687988,16373208
Odisha,2023,1,Sonepur District,153663,17078413
Odisha,2023,1,Khordha District,2220922,21174048
Odisha,2023,1,Boudh District,94733,14508664
Odisha,2023,1,Gajapati District,121770,25202832
Odisha,2023,1,Nayagarh District,317861,14302029
Odisha,2023,1,Nabarangpur District,142795,54308662
Odisha,2023,1,Kendrapara District,469483,10361321
Odisha,2023,1,Cuttack District,1246094,15939538
Odisha,2019,1,Rayagada District,62764,0
Odisha,2019,1,Koraput District,70168,0
Odisha,2019,1,Malkangiri District,18853,0
Odisha,2019,1,Sambalpur District,120726,0
Odisha,2019,1,Kalahandi District,88614,0
Odisha,2019,1,Anugul District,150627,0
Odisha,2019,1,Ganjam District,332190,0
Odisha,2019,1,Jajapur District,236643,0
Odisha,2019,1,Bargarh District,95811,0
Odisha,2019,1,Dhenkanal District,123780,0
Odisha,2019,1,Bhadrak District,166600,0
Odisha,2019,1,Nuapada District,26448,0
Odisha,2019,1,Kendujhar District,167750,0
Odisha,2019,1,Mayurbhanj District,141789,0
Odisha,2019,1,Jharsuguda District,86772,0
Odisha,2019,1,Kandhamal District,32425,0
Odisha,2019,1,Deogarh District,15760,0
Odisha,2019,1,Sundargarh District,198716,0
Odisha,2019,1,Jagatsinghapur District,138170,0
Odisha,2019,1,Balangir District,103334,0
Odisha,2019,1,Baleshwar District,271095,0
Odisha,2019,1,Puri District,195690,0
Odisha,2019,1,Sonepur District,46710,0
Odisha,2019,1,Khordha District,745457,0
Odisha,2019,1,Boudh District,27059,0
Odisha,2019,1,Gajapati District,29177,0
Odisha,2019,1,Nayagarh District,95412,0
Odisha,2019,1,Nabarangpur District,31360,0
Odisha,2019,1,Kendrapara District,128331,0
Odisha,2019,1,Cuttack District,372513,0
Odisha,2021,1,Rayagada District,150744,5877848
Odisha,2021,1,Koraput District,169607,5295303
Odisha,2021,1,Malkangiri District,59019,1655456
Odisha,2021,1,Sambalpur District,256784,8185242
Odisha,2021,1,Kalahandi District,211780,6105047
Odisha,2021,1,Anugul District,315065,9789441
Odisha,2021,1,Ganjam District,721311,22659997
Odisha,2021,1,Jajapur District,484003,16338718
Odisha,2021,1,Bargarh District,217540,5256946
Odisha,2021,1,Dhenkanal District,253469,8034030
Odisha,2021,1,Bhadrak District,366825,10503983
Odisha,2021,1,Nuapada District,71558,1824578
Odisha,2021,1,Kendujhar District,352967,10953093
Odisha,2021,1,Mayurbhanj District,318465,7758426
Odisha,2021,1,Jharsuguda District,178481,5914718
Odisha,2021,1,Kandhamal District,83432,2180242
Odisha,2021,1,Deogarh District,37397,1031539
Odisha,2021,1,Sundargarh District,450776,12987159
Odisha,2021,1,Jagatsinghapur District,300122,9094056
Odisha,2021,1,Balangir District,238380,6473331
Odisha,2021,1,Baleshwar District,557273,14507340
Odisha,2021,1,Puri District,431553,13992697
Odisha,2021,1,Sonepur District,94551,2395249
Odisha,2021,1,Khordha District,1415897,63590946
Odisha,2021,1,Boudh District,58177,1553860
Odisha,2021,1,Gajapati District,74629,2771507
Odisha,2021,1,Nayagarh District,198238,5903431
Odisha,2021,1,Nabarangpur District,86833,2514529
Odisha,2021,1,Kendrapara District,293287,8928474
Odisha,2021,1,Cuttack District,784846,27238288
Odisha,2020,1,Rayagada District,103064,3025726
Odisha,2020,1,Koraput District,113919,2622470
Odisha,2020,1,Malkangiri District,36017,810134
Odisha,2020,1,Sambalpur District,183534,4724765
Odisha,2020,1,Kalahandi District,142961,3197740
Odisha,2020,1,Anugul District,228339,5485228
Odisha,2020,1,Ganjam District,512643,12390552
Odisha,2020,1,Jajapur District,359087,9687172
Odisha,2020,1,Bargarh District,150139,2865892
Odisha,2020,1,Dhenkanal District,184164,4758117
Odisha,2020,1,Bhadrak District,265259,6416683
Odisha,2020,1,Nuapada District,46063,928386
Odisha,2020,1,Kendujhar District,253988,6031627
Odisha,2020,1,Mayurbhanj District,223893,4509442
Odisha,2020,1,Jharsuguda District,127804,3176128
Odisha,2020,1,Kandhamal District,53868,1143401
Odisha,2020,1,Deogarh District,25015,588130
Odisha,2020,1,Sundargarh District,313040,7099354
Odisha,2020,1,Jagatsinghapur District,216687,5184722
Odisha,2020,1,Balangir District,164257,3439280
Odisha,2020,1,Baleshwar District,410789,9737201
Odisha,2020,1,Puri District,311477,7876252
Odisha,2020,1,Sonepur District,68480,1509358
Odisha,2020,1,Khordha District,1083466,40264249
Odisha,2020,1,Boudh District,41238,931633
Odisha,2020,1,Gajapati District,49762,1430994
Odisha,2020,1,Nayagarh District,145821,3586937
Odisha,2020,1,Nabarangpur District,54715,1277587
Odisha,2020,1,Kendrapara District,205010,5058749
Odisha,2020,1,Cuttack District,578471,16160713
Odisha,2018,1,Rayagada District,21756,0
Odisha,2018,1,Koraput District,25395,0
Odisha,2018,1,Malkangiri District,5396,0
Odisha,2018,1,Sambalpur District,47017,0
Odisha,2018,1,Kalahandi District,30605,0
Odisha,2018,1,Anugul District,56617,0
Odisha,2018,1,Ganjam District,126158,0
Odisha,2018,1,Jajapur District,81133,0
Odisha,2018,1,Bargarh District,32489,0
Odisha,2018,1,Dhenkanal District,46024,0
Odisha,2018,1,Bhadrak District,58050,0
Odisha,2018,1,Nuapada District,8252,0
Odisha,2018,1,Kendujhar District,58968,0
Odisha,2018,1,Mayurbhanj District,50472,0
Odisha,2018,1,Jharsuguda District,32514,0
Odisha,2018,1,Kandhamal District,10809,0
Odisha,2018,1,Deogarh District,5322,0
Odisha,2018,1,Sundargarh District,75201,0
Odisha,2018,1,Jagatsinghapur District,49264,0
Odisha,2018,1,Balangir District,35271,0
Odisha,2018,1,Baleshwar District,100919,0
Odisha,2018,1,Puri District,69923,0
Odisha,2018,1,Sonepur District,15900,0
Odisha,2018,1,Khordha District,308390,0
Odisha,2018,1,Boudh District,9077,0
Odisha,2018,1,Gajapati District,9743,0
Odisha,2018,1,Nayagarh District,33533,0
Odisha,2018,1,Nabarangpur District,9466,0
Odisha,2018,1,Kendrapara District,44379,0
Odisha,2018,1,Cuttack District,135972,0
Madhya Pradesh,2022,1,Morena District,388876,21768637
Madhya Pradesh,2022,1,Alirajpur District,61920,11727737
Madhya Pradesh,2022,1,Sehore District,430004,49205647
Madhya Pradesh,2022,1,Rajgarh District,367926,62421064
Madhya Pradesh,2022,1,Khargone District,376319,48347724
Madhya Pradesh,2022,1,Satna District,488378,33592833
Madhya Pradesh,2022,1,Narsinghpur District,282944,25561900
Madhya Pradesh,2022,1,Jabalpur District,844191,24394123
Madhya Pradesh,2022,1,Hoshangabad District,366938,29354309
Madhya Pradesh,2022,1,Vidisha District,367348,46490241
Madhya Pradesh,2022,1,Balaghat District,370280,39414533
Madhya Pradesh,2022,1,Singrauli District,295276,40994249
Madhya Pradesh,2022,1,Betul District,377802,49890477
Madhya Pradesh,2022,1,Sidhi District,185333,24215691
Madhya Pradesh,2022,1,Datia District,142528,13244758
Madhya Pradesh,2022,1,Dewas District,474588,48508371
Madhya Pradesh,2022,1,Sheopur District,100534,15536400
Madhya Pradesh,2022,1,Neemuch District,239780,21877459
Madhya Pradesh,2022,1,Raisen District,362669,49467462
Madhya Pradesh,2022,1,Mandsaur District,377419,36819711
Madhya Pradesh,2022,1,Barwani District,183591,32086865
Madhya Pradesh,2022,1,Katni District,260231,20065734
Madhya Pradesh,2022,1,Dindori District,89318,22224905
Madhya Pradesh,2022,1,Shivpuri District,299591,47644691
Madhya Pradesh,2022,1,Gwalior District,919789,21816530
Madhya Pradesh,2022,1,Anuppur District,150308,19714961
Madhya Pradesh,2022,1,Agar Malwa District,125155,22711095
Madhya Pradesh,2022,1,Ashoknagar District,148280,26154858
Madhya Pradesh,2022,1,Sagar District,573791,48260052
Madhya Pradesh,2022,1,Niwari District,64887,6027694
Madhya Pradesh,2022,1,Rewa District,533627,33192405
Madhya Pradesh,2022,1,Shajapur District,253170,28919127
Madhya Pradesh,2022,1,Ujjain District,680599,45055866
Madhya Pradesh,2022,1,Bhind District,325633,20919839
Madhya Pradesh,2022,1,Tikamgarh District,164789,19731880
Madhya Pradesh,2022,1,Seoni District,271212,49526971
Madhya Pradesh,2022,1,Harda District,132707,15830168
Madhya Pradesh,2022,1,Burhanpur District,152924,15045980
Madhya Pradesh,2022,1,Damoh District,201320,24840452
Madhya Pradesh,2022,1,Bhopal District,1729248,31263898
Madhya Pradesh,2022,1,Jhabua District,132178,21880765
Madhya Pradesh,2022,1,Dhar District,554545,57969630
Madhya Pradesh,2022,1,Guna District,343862,38333265
Madhya Pradesh,2022,1,East Nimar District,264991,37995487
Madhya Pradesh,2022,1,Chhindwara District,528140,65934049
Madhya Pradesh,2022,1,Umaria District,103376,18472993
Madhya Pradesh,2022,1,Mandla District,166586,27363618
Madhya Pradesh,2022,1,Indore District,2291709,46090777
Madhya Pradesh,2022,1,Shahdol District,220235,28376385
Madhya Pradesh,2022,1,Ratlam District,413474,36019214
Madhya Pradesh,2022,1,Panna District,134571,23797099
Madhya Pradesh,2022,1,Chhatarpur District,341257,32165896
Madhya Pradesh,2024,1,Morena District,567218,47257520
Madhya Pradesh,2024,1,Alirajpur District,90150,79111676
Madhya Pradesh,2024,1,Sehore District,622467,71659503
Madhya Pradesh,2024,1,Rajgarh District,542046,105918665
Madhya Pradesh,2024,1,Khargone District,544387,131087309
Madhya Pradesh,2024,1,Satna District,703168,86305629
Madhya Pradesh,2024,1,Narsinghpur District,406477,40381545
Madhya Pradesh,2024,1,Jabalpur District,1193636,78989790
Madhya Pradesh,2024,1,Hoshangabad District,525637,58107802
Madhya Pradesh,2024,1,Vidisha District,535477,91227834
Madhya Pradesh,2024,1,Balaghat District,535642,84644478
Madhya Pradesh,2024,1,Singrauli District,428919,135936799
Madhya Pradesh,2024,1,Betul District,543553,154004011
Madhya Pradesh,2024,1,Sidhi District,269357,56845923
Madhya Pradesh,2024,1,Datia District,206618,49538881
Madhya Pradesh,2024,1,Dewas District,683061,101128519
Madhya Pradesh,2024,1,Sheopur District,146405,58379233
Madhya Pradesh,2024,1,Neemuch District,347544,47808739
Madhya Pradesh,2024,1,Raisen District,525370,97158456
Madhya Pradesh,2024,1,Mandsaur District,548440,48040987
Madhya Pradesh,2024,1,Barwani District,265627,150722040
Madhya Pradesh,2024,1,Katni District,375380,64828333
Madhya Pradesh,2024,1,Dindori District,129907,79671408
Madhya Pradesh,2024,1,Shivpuri District,440062,157889740
Madhya Pradesh,2024,1,Gwalior District,1307564,59380821
Madhya Pradesh,2024,1,Anuppur District,216384,33163859
Madhya Pradesh,2024,1,Agar Malwa District,184770,52445392
Madhya Pradesh,2024,1,Ashoknagar District,214897,76001198
Madhya Pradesh,2024,1,Sagar District,824727,131388747
Madhya Pradesh,2024,1,Niwari District,95153,37558664
Madhya Pradesh,2024,1,Rewa District,764984,53015936
Madhya Pradesh,2024,1,Shajapur District,369603,34768274
Madhya Pradesh,2024,1,Ujjain District,978177,70346062
Madhya Pradesh,2024,1,Bhind District,476833,52685060
Madhya Pradesh,2024,1,Tikamgarh District,243252,60338656
Madhya Pradesh,2024,1,Seoni District,390981,114203764
Madhya Pradesh,2024,1,Harda District,191120,46137280
Madhya Pradesh,2024,1,Burhanpur District,220692,156445334
Madhya Pradesh,2024,1,Damoh District,289793,73239512
Madhya Pradesh,2024,1,Bhopal District,2436143,43463088
Madhya Pradesh,2024,1,Jhabua District,192970,115447192
Madhya Pradesh,2024,1,Dhar District,802038,200679543
Madhya Pradesh,2024,1,Guna District,502899,98632415
Madhya Pradesh,2024,1,East Nimar District,385461,127020489
Madhya Pradesh,2024,1,Chhindwara District,756689,144355015
Madhya Pradesh,2024,1,Umaria District,149790,53998150
Madhya Pradesh,2024,1,Mandla District,241085,90680424
Madhya Pradesh,2024,1,Indore District,3217251,53406722
Madhya Pradesh,2024,1,Shahdol District,315322,70910640
Madhya Pradesh,2024,1,Ratlam District,598584,82497291
Madhya Pradesh,2024,1,Panna District,196347,83585170
Madhya Pradesh,2024,1,Chhatarpur District,498497,102943669
Madhya Pradesh,2023,1,Morena District,479647,37631269
Madhya Pradesh,2023,1,Alirajpur District,75360,23434331
Madhya Pradesh,2023,1,Sehore District,526495,65379842
Madhya Pradesh,2023,1,Rajgarh District,454742,87778262
Madhya Pradesh,2023,1,Khargone District,460046,77096706
Madhya Pradesh,2023,1,Satna District,596769,52881467
Madhya Pradesh,2023,1,Narsinghpur District,343846,34114219
Madhya Pradesh,2023,1,Jabalpur District,1025803,39083376
Madhya Pradesh,2023,1,Hoshangabad District,447376,39928185
Madhya Pradesh,2023,1,Vidisha District,449990,68496548
Madhya Pradesh,2023,1,Balaghat District,452700,58300660
Madhya Pradesh,2023,1,Singrauli District,362658,65603700
Madhya Pradesh,2023,1,Betul District,459626,69729003
Madhya Pradesh,2023,1,Sidhi District,226795,41401608
Madhya Pradesh,2023,1,Datia District,173988,21850490
Madhya Pradesh,2023,1,Dewas District,579697,75964676
Madhya Pradesh,2023,1,Sheopur District,122856,29666430
Madhya Pradesh,2023,1,Neemuch District,294613,34986206
Madhya Pradesh,2023,1,Raisen District,443050,71097545
Madhya Pradesh,2023,1,Mandsaur District,463718,59763542
Madhya Pradesh,2023,1,Barwani District,224144,67968547
Madhya Pradesh,2023,1,Katni District,317477,31459722
Madhya Pradesh,2023,1,Dindori District,108680,38322192
Madhya Pradesh,2023,1,Shivpuri District,368571,77723539
Madhya Pradesh,2023,1,Gwalior District,1123707,34624349
Madhya Pradesh,2023,1,Anuppur District,183119,25516447
Madhya Pradesh,2023,1,Agar Malwa District,154686,31911322
Madhya Pradesh,2023,1,Ashoknagar District,180467,37121086
Madhya Pradesh,2023,1,Sagar District,699722,72760363
Madhya Pradesh,2023,1,Niwari District,79831,9762781
Madhya Pradesh,2023,1,Rewa District,651354,47280365
Madhya Pradesh,2023,1,Shajapur District,311369,42769385
Madhya Pradesh,2023,1,Ujjain District,832451,68659362
Madhya Pradesh,2023,1,Bhind District,401533,34108201
Madhya Pradesh,2023,1,Tikamgarh District,203615,34104680
Madhya Pradesh,2023,1,Seoni District,329353,72346958
Madhya Pradesh,2023,1,Harda District,161225,25064139
Madhya Pradesh,2023,1,Burhanpur District,187246,28593494
Madhya Pradesh,2023,1,Damoh District,244449,47365687
Madhya Pradesh,2023,1,Bhopal District,2101098,36857306
Madhya Pradesh,2023,1,Jhabua District,162127,40991184
Madhya Pradesh,2023,1,Dhar District,679569,96755650
Madhya Pradesh,2023,1,Guna District,423812,59399911
Madhya Pradesh,2023,1,East Nimar District,325222,64812841
Madhya Pradesh,2023,1,Chhindwara District,642022,85439101
Madhya Pradesh,2023,1,Umaria District,125957,29184137
Madhya Pradesh,2023,1,Mandla District,202648,40564672
Madhya Pradesh,2023,1,Indore District,2780295,57741292
Madhya Pradesh,2023,1,Shahdol District,267723,44837756
Madhya Pradesh,2023,1,Ratlam District,507397,49315913
Madhya Pradesh,2023,1,Panna District,163536,41423381
Madhya Pradesh,2023,1,Chhatarpur District,418638,59282579
Madhya Pradesh,2019,1,Morena District,113900,0
Madhya Pradesh,2019,1,Alirajpur District,13122,0
Madhya Pradesh,2019,1,Sehore District,149925,0
Madhya Pradesh,2019,1,Rajgarh District,106743,0
Madhya Pradesh,2019,1,Khargone District,109408,0
Madhya Pradesh,2019,1,Satna District,160954,0
Madhya Pradesh,2019,1,Narsinghpur District,95833,0
Madhya Pradesh,2019,1,Jabalpur District,295042,0
Madhya Pradesh,2019,1,Hoshangabad District,123858,0
Madhya Pradesh,2019,1,Vidisha District,112602,0
Madhya Pradesh,2019,1,Balaghat District,108073,0
Madhya Pradesh,2019,1,Singrauli District,107427,0
Madhya Pradesh,2019,1,Betul District,122961,0
Madhya Pradesh,2019,1,Sidhi District,55922,0
Madhya Pradesh,2019,1,Datia District,46221,0
Madhya Pradesh,2019,1,Dewas District,155786,0
Madhya Pradesh,2019,1,Sheopur District,27456,0
Madhya Pradesh,2019,1,Neemuch District,72918,0
Madhya Pradesh,2019,1,Raisen District,117214,0
Madhya Pradesh,2019,1,Mandsaur District,112086,0
Madhya Pradesh,2019,1,Barwani District,46138,0
Madhya Pradesh,2019,1,Katni District,79580,0
Madhya Pradesh,2019,1,Dindori District,22197,0
Madhya Pradesh,2019,1,Shivpuri District,73259,0
Madhya Pradesh,2019,1,Gwalior District,331504,0
Madhya Pradesh,2019,1,Anuppur District,49988,0
Madhya Pradesh,2019,1,Agar Malwa District,33425,0
Madhya Pradesh,2019,1,Ashoknagar District,44386,0
Madhya Pradesh,2019,1,Sagar District,194467,0
Madhya Pradesh,2019,1,Niwari District,19076,0
Madhya Pradesh,2019,1,Rewa District,188803,0
Madhya Pradesh,2019,1,Shajapur District,76924,0
Madhya Pradesh,2019,1,Ujjain District,214818,0
Madhya Pradesh,2019,1,Bhind District,94313,0
Madhya Pradesh,2019,1,Tikamgarh District,44716,0
Madhya Pradesh,2019,1,Seoni District,82398,0
Madhya Pradesh,2019,1,Harda District,43995,0
Madhya Pradesh,2019,1,Burhanpur District,42152,0
Madhya Pradesh,2019,1,Damoh District,62435,0
Madhya Pradesh,2019,1,Bhopal District,670417,0
Madhya Pradesh,2019,1,Jhabua District,29064,0
Madhya Pradesh,2019,1,Dhar District,166663,0
Madhya Pradesh,2019,1,Guna District,98816,0
Madhya Pradesh,2019,1,East Nimar District,75806,0
Madhya Pradesh,2019,1,Chhindwara District,168633,0
Madhya Pradesh,2019,1,Umaria District,31962,0
Madhya Pradesh,2019,1,Mandla District,44325,0
Madhya Pradesh,2019,1,Indore District,844465,0
Madhya Pradesh,2019,1,Shahdol District,71433,0
Madhya Pradesh,2019,1,Ratlam District,127023,0
Madhya Pradesh,2019,1,Panna District,38426,0
Madhya Pradesh,2019,1,Chhatarpur District,95345,0
Madhya Pradesh,2021,1,Morena District,289939,7286647
Madhya Pradesh,2021,1,Alirajpur District,44762,957474
Madhya Pradesh,2021,1,Sehore District,323704,13261091
Madhya Pradesh,2021,1,Rajgarh District,270842,10221796
Madhya Pradesh,2021,1,Khargone District,281236,9020662
Madhya Pradesh,2021,1,Satna District,368299,10016376
Madhya Pradesh,2021,1,Narsinghpur District,214249,6119619
Madhya Pradesh,2021,1,Jabalpur District,650087,17013715
Madhya Pradesh,2021,1,Hoshangabad District,277931,7999438
Madhya Pradesh,2021,1,Vidisha District,274866,8148091
Madhya Pradesh,2021,1,Balaghat District,278215,8823124
Madhya Pradesh,2021,1,Singrauli District,221433,8797507
Madhya Pradesh,2021,1,Betul District,285621,8986356
Madhya Pradesh,2021,1,Sidhi District,137421,4335454
Madhya Pradesh,2021,1,Datia District,106332,2671664
Madhya Pradesh,2021,1,Dewas District,358124,13374910
Madhya Pradesh,2021,1,Sheopur District,73775,1910721
Madhya Pradesh,2021,1,Neemuch District,178235,4924752
Madhya Pradesh,2021,1,Raisen District,272622,9391937
Madhya Pradesh,2021,1,Mandsaur District,279783,7749487
Madhya Pradesh,2021,1,Barwani District,136583,4178618
Madhya Pradesh,2021,1,Katni District,195985,5374853
Madhya Pradesh,2021,1,Dindori District,65047,1911876
Madhya Pradesh,2021,1,Shivpuri District,219381,6639272
Madhya Pradesh,2021,1,Gwalior District,703232,21185809
Madhya Pradesh,2021,1,Anuppur District,112519,3789922
Madhya Pradesh,2021,1,Agar Malwa District,91340,3101167
Madhya Pradesh,2021,1,Ashoknagar District,109372,3072156
Madhya Pradesh,2021,1,Sagar District,432938,11962030
Madhya Pradesh,2021,1,Niwari District,47790,1193738
Madhya Pradesh,2021,1,Rewa District,403013,11566676
Madhya Pradesh,2021,1,Shajapur District,188759,6634450
Madhya Pradesh,2021,1,Ujjain District,513868,16282572
Madhya Pradesh,2021,1,Bhind District,242318,5815370
Madhya Pradesh,2021,1,Tikamgarh District,120720,3198089
Madhya Pradesh,2021,1,Seoni District,202103,6250770
Madhya Pradesh,2021,1,Harda District,100149,2843519
Madhya Pradesh,2021,1,Burhanpur District,114766,3206426
Madhya Pradesh,2021,1,Damoh District,150665,3641799
Madhya Pradesh,2021,1,Bhopal District,1340741,58411069
Madhya Pradesh,2021,1,Jhabua District,96483,2562361
Madhya Pradesh,2021,1,Dhar District,415117,14747039
Madhya Pradesh,2021,1,Guna District,255002,7638668
Madhya Pradesh,2021,1,East Nimar District,196341,6130447
Madhya Pradesh,2021,1,Chhindwara District,399276,12492218
Madhya Pradesh,2021,1,Umaria District,76879,2468522
Madhya Pradesh,2021,1,Mandla District,123283,3279877
Madhya Pradesh,2021,1,Indore District,1769869,68567452
Madhya Pradesh,2021,1,Shahdol District,165899,5794627
Madhya Pradesh,2021,1,Ratlam District,309912,9084625
Madhya Pradesh,2021,1,Panna District,99260,2725252
Madhya Pradesh,2021,1,Chhatarpur District,253341,5738186
Madhya Pradesh,2020,1,Morena District,187857,3837024
Madhya Pradesh,2020,1,Alirajpur District,24827,436047
Madhya Pradesh,2020,1,Sehore District,228553,8068977
Madhya Pradesh,2020,1,Rajgarh District,174122,5166263
Madhya Pradesh,2020,1,Khargone District,180658,4246643
Madhya Pradesh,2020,1,Satna District,253988,5239450
Madhya Pradesh,2020,1,Narsinghpur District,148190,3256953
Madhya Pradesh,2020,1,Jabalpur District,462069,9450502
Madhya Pradesh,2020,1,Hoshangabad District,190416,4178981
Madhya Pradesh,2020,1,Vidisha District,184757,4522867
Madhya Pradesh,2020,1,Balaghat District,179810,4368141
Madhya Pradesh,2020,1,Singrauli District,156321,4752706
Madhya Pradesh,2020,1,Betul District,193348,4664926
Madhya Pradesh,2020,1,Sidhi District,90719,2159571
Madhya Pradesh,2020,1,Datia District,71709,1402036
Madhya Pradesh,2020,1,Dewas District,245317,6992853
Madhya Pradesh,2020,1,Sheopur District,46567,1000018
Madhya Pradesh,2020,1,Neemuch District,118143,2645531
Madhya Pradesh,2020,1,Raisen District,184402,4931736
Madhya Pradesh,2020,1,Mandsaur District,183327,4066701
Madhya Pradesh,2020,1,Barwani District,82596,1660658
Madhya Pradesh,2020,1,Katni District,131655,2671976
Madhya Pradesh,2020,1,Dindori District,39433,980434
Madhya Pradesh,2020,1,Shivpuri District,134692,2740289
Madhya Pradesh,2020,1,Gwalior District,506221,11772607
Madhya Pradesh,2020,1,Anuppur District,76969,1939706
Madhya Pradesh,2020,1,Agar Malwa District,56419,1516404
Madhya Pradesh,2020,1,Ashoknagar District,69791,1489358
Madhya Pradesh,2020,1,Sagar District,299753,6458291
Madhya Pradesh,2020,1,Niwari District,31223,642589
Madhya Pradesh,2020,1,Rewa District,285832,6038116
Madhya Pradesh,2020,1,Shajapur District,124615,3445139
Madhya Pradesh,2020,1,Ujjain District,349476,8577572
Madhya Pradesh,2020,1,Bhind District,159089,3111987
Madhya Pradesh,2020,1,Tikamgarh District,75937,1623458
Madhya Pradesh,2020,1,Seoni District,133334,3134906
Madhya Pradesh,2020,1,Harda District,67392,1421699
Madhya Pradesh,2020,1,Burhanpur District,70827,1358449
Madhya Pradesh,2020,1,Damoh District,98583,1892344
Madhya Pradesh,2020,1,Bhopal District,1003288,38048310
Madhya Pradesh,2020,1,Jhabua District,52803,1026941
Madhya Pradesh,2020,1,Dhar District,270891,6924843
Madhya Pradesh,2020,1,Guna District,169946,3705575
Madhya Pradesh,2020,1,East Nimar District,125273,2916328
Madhya Pradesh,2020,1,Chhindwara District,268008,6375827
Madhya Pradesh,2020,1,Umaria District,51076,1230506
Madhya Pradesh,2020,1,Mandla District,77954,1599740
Madhya Pradesh,2020,1,Indore District,1287857,40721955
Madhya Pradesh,2020,1,Shahdol District,112022,2748773
Madhya Pradesh,2020,1,Ratlam District,204718,4810168
Madhya Pradesh,2020,1,Panna District,64176,1403113
Madhya Pradesh,2020,1,Chhatarpur District,164422,3076493
Madhya Pradesh,2018,1,Morena District,42153,0
Madhya Pradesh,2018,1,Alirajpur District,3746,0
Madhya Pradesh,2018,1,Sehore District,61158,0
Madhya Pradesh,2018,1,Rajgarh District,39336,0
Madhya Pradesh,2018,1,Khargone District,40995,0
Madhya Pradesh,2018,1,Satna District,59252,0
Madhya Pradesh,2018,1,Narsinghpur District,38027,0
Madhya Pradesh,2018,1,Jabalpur District,115953,0
Madhya Pradesh,2018,1,Hoshangabad District,50658,0
Madhya Pradesh,2018,1,Vidisha District,43378,0
Madhya Pradesh,2018,1,Balaghat District,38064,0
Madhya Pradesh,2018,1,Singrauli District,45254,0
Madhya Pradesh,2018,1,Betul District,49045,0
Madhya Pradesh,2018,1,Sidhi District,20030,0
Madhya Pradesh,2018,1,Datia District,16322,0
Madhya Pradesh,2018,1,Dewas District,62902,0
Madhya Pradesh,2018,1,Sheopur District,9808,0
Madhya Pradesh,2018,1,Neemuch District,27995,0
Madhya Pradesh,2018,1,Raisen District,47344,0
Madhya Pradesh,2018,1,Mandsaur District,42041,0
Madhya Pradesh,2018,1,Barwani District,15811,0
Madhya Pradesh,2018,1,Katni District,28098,0
Madhya Pradesh,2018,1,Dindori District,6114,0
Madhya Pradesh,2018,1,Shivpuri District,25449,0
Madhya Pradesh,2018,1,Gwalior District,142453,0
Madhya Pradesh,2018,1,Anuppur District,18656,0
Madhya Pradesh,2018,1,Agar Malwa District,12058,0
Madhya Pradesh,2018,1,Ashoknagar District,16495,0
Madhya Pradesh,2018,1,Sagar District,72857,0
Madhya Pradesh,2018,1,Niwari District,6771,0
Madhya Pradesh,2018,1,Rewa District,73336,0
Madhya Pradesh,2018,1,Shajapur District,29995,0
Madhya Pradesh,2018,1,Ujjain District,84441,0
Madhya Pradesh,2018,1,Bhind District,34085,0
Madhya Pradesh,2018,1,Tikamgarh District,15917,0
Madhya Pradesh,2018,1,Seoni District,29095,0
Madhya Pradesh,2018,1,Harda District,18120,0
Madhya Pradesh,2018,1,Burhanpur District,16077,0
Madhya Pradesh,2018,1,Damoh District,24961,0
Madhya Pradesh,2018,1,Bhopal District,307312,0
Madhya Pradesh,2018,1,Jhabua District,9632,0
Madhya Pradesh,2018,1,Dhar District,63440,0
Madhya Pradesh,2018,1,Guna District,36829,0
Madhya Pradesh,2018,1,East Nimar District,29308,0
Madhya Pradesh,2018,1,Chhindwara District,65005,0
Madhya Pradesh,2018,1,Umaria District,11572,0
Madhya Pradesh,2018,1,Mandla District,13593,0
Madhya Pradesh,2018,1,Indore District,366977,0
Madhya Pradesh,2018,1,Shahdol District,26509,0
Madhya Pradesh,2018,1,Ratlam District,49298,0
Madhya Pradesh,2018,1,Panna District,13874,0
Madhya Pradesh,2018,1,Chhatarpur District,36004,0
Rajasthan,2022,1,Pali District,553792,69349732
Rajasthan,2022,1,Ganganagar District,547992,375275391
Rajasthan,2022,1,Churu District,565326,60875548
Rajasthan,2022,1,Jaipur District,5133527,100209038
Rajasthan,2022,1,Baran District,274308,31164272
Rajasthan,2022,1,Bhilwara District,871188,88473755
Rajasthan,2022,1,Banswara District,189997,25933196
Rajasthan,2022,1,Dungarpur District,171907,19525390
Rajasthan,2022,1,Tonk District,429840,49977776
Rajasthan,2022,1,Jodhpur District,1370206,183816156
Rajasthan,2022,1,Karauli District,330492,24699924
Rajasthan,2022,1,Udaipur District,816476,66660064
Rajasthan,2022,1,Dausa District,578443,20187376
Rajasthan,2022,1,Nagaur District,901819,133495392
Rajasthan,2022,1,Bharatpur District,713425,20913302
Rajasthan,2022,1,Barmer District,642913,231774454
Rajasthan,2022,1,Ajmer District,947827,74534651
Rajasthan,2022,1,Chittorgarh District,465868,47033572
Rajasthan,2022,1,Hanumangarh District,393659,223563976
Rajasthan,2022,1,Pratapgarh District,125125,26261142
Rajasthan,2022,1,Sawai Madhopur District,412482,28303144
Rajasthan,2022,1,Jalore District,392559,54718054
Rajasthan,2022,1,Bikaner District,737226,183107441
Rajasthan,2022,1,Sikar District,1017503,53601274
Rajasthan,2022,1,Dholpur District,211933,14633724
Rajasthan,2022,1,Sirohi District,260674,23786718
Rajasthan,2022,1,Rajsamand District,284734,32199404
Rajasthan,2022,1,Jaisalmer District,231261,120379969
Rajasthan,2022,1,Bundi District,289557,31495159
Rajasthan,2022,1,Jhalawar District,330563,40658233
Rajasthan,2022,1,Alwar District,1570711,50622585
Rajasthan,2022,1,Kota District,882916,30096178
Rajasthan,2022,1,Jhunjhunu District,752608,33280479
Rajasthan,2024,1,Pali District,789720,97952287
Rajasthan,2024,1,Ganganagar District,779442,542552641
Rajasthan,2024,1,Churu District,817478,122388035
Rajasthan,2024,1,Jaipur District,7253881,91786337
Rajasthan,2024,1,Baran District,401079,63987686
Rajasthan,2024,1,Bhilwara District,1256777,93869802
Rajasthan,2024,1,Banswara District,273274,126820857
Rajasthan,2024,1,Dungarpur District,247078,76820225
Rajasthan,2024,1,Tonk District,625020,55635027
Rajasthan,2024,1,Jodhpur District,1933181,359010322
Rajasthan,2024,1,Karauli District,482948,114594404
Rajasthan,2024,1,Udaipur District,1161696,180844031
Rajasthan,2024,1,Dausa District,840526,27528423
Rajasthan,2024,1,Nagaur District,1290786,181616353
Rajasthan,2024,1,Bharatpur District,1044485,170246534
Rajasthan,2024,1,Barmer District,924996,419469361
Rajasthan,2024,1,Ajmer District,1334929,89752939
Rajasthan,2024,1,Chittorgarh District,674975,87187679
Rajasthan,2024,1,Hanumangarh District,564616,396576065
Rajasthan,2024,1,Pratapgarh District,184649,65381524
Rajasthan,2024,1,Sawai Madhopur District,601854,39305435
Rajasthan,2024,1,Jalore District,561499,130268653
Rajasthan,2024,1,Bikaner District,1053646,370590346
Rajasthan,2024,1,Sikar District,1461236,46574989
Rajasthan,2024,1,Dholpur District,310116,41770901
Rajasthan,2024,1,Sirohi District,371512,55366565
Rajasthan,2024,1,Rajsamand District,409987,60990555
Rajasthan,2024,1,Jaisalmer District,330610,205410639
Rajasthan,2024,1,Bundi District,423170,61703311
Rajasthan,2024,1,Jhalawar District,485430,72659034
Rajasthan,2024,1,Alwar District,2270393,209103015
Rajasthan,2024,1,Kota District,1264105,44531531
Rajasthan,2024,1,Jhunjhunu District,1080420,25823051
Rajasthan,2023,1,Pali District,670709,97423805
Rajasthan,2023,1,Ganganagar District,667880,545740376
Rajasthan,2023,1,Churu District,689946,85679770
Rajasthan,2023,1,Jaipur District,6247095,102771783
Rajasthan,2023,1,Baran District,336236,45403825
Rajasthan,2023,1,Bhilwara District,1065499,117006840
Rajasthan,2023,1,Banswara District,230384,50426578
Rajasthan,2023,1,Dungarpur District,208688,34247381
Rajasthan,2023,1,Tonk District,525758,63339041
Rajasthan,2023,1,Jodhpur District,1654436,298701684
Rajasthan,2023,1,Karauli District,407145,33413116
Rajasthan,2023,1,Udaipur District,992940,98423214
Rajasthan,2023,1,Dausa District,711545,24433964
Rajasthan,2023,1,Nagaur District,1091225,202610481
Rajasthan,2023,1,Bharatpur District,880577,28230243
Rajasthan,2023,1,Barmer District,776885,331816674
Rajasthan,2023,1,Ajmer District,1146113,103236511
Rajasthan,2023,1,Chittorgarh District,570826,73293194
Rajasthan,2023,1,Hanumangarh District,480902,324415689
Rajasthan,2023,1,Pratapgarh District,153524,39345331
Rajasthan,2023,1,Sawai Madhopur District,508180,35983980
Rajasthan,2023,1,Jalore District,474939,79824084
Rajasthan,2023,1,Bikaner District,895948,284191045
Rajasthan,2023,1,Sikar District,1241633,63528752
Rajasthan,2023,1,Dholpur District,261343,24774189
Rajasthan,2023,1,Sirohi District,316745,39369927
Rajasthan,2023,1,Rajsamand District,346892,49993026
Rajasthan,2023,1,Jaisalmer District,277620,188778688
Rajasthan,2023,1,Bundi District,355631,47311708
Rajasthan,2023,1,Jhalawar District,406945,59392240
Rajasthan,2023,1,Alwar District,1931404,61673075
Rajasthan,2023,1,Kota District,1079455,38037137
Rajasthan,2023,1,Jhunjhunu District,917983,38515190
Rajasthan,2019,1,Pali District,162537,0
Rajasthan,2019,1,Ganganagar District,210336,0
Rajasthan,2019,1,Churu District,168353,0
Rajasthan,2019,1,Jaipur District,2060175,0
Rajasthan,2019,1,Baran District,84261,0
Rajasthan,2019,1,Bhilwara District,276384,0
Rajasthan,2019,1,Banswara District,48096,0
Rajasthan,2019,1,Dungarpur District,43910,0
Rajasthan,2019,1,Tonk District,134480,0
Rajasthan,2019,1,Jodhpur District,434178,0
Rajasthan,2019,1,Karauli District,102283,0
Rajasthan,2019,1,Udaipur District,258915,0
Rajasthan,2019,1,Dausa District,195832,0
Rajasthan,2019,1,Nagaur District,259361,0
Rajasthan,2019,1,Bharatpur District,186048,0
Rajasthan,2019,1,Barmer District,167463,0
Rajasthan,2019,1,Ajmer District,290433,0
Rajasthan,2019,1,Chittorgarh District,145818,0
Rajasthan,2019,1,Hanumangarh District,144397,0
Rajasthan,2019,1,Pratapgarh District,32514,0
Rajasthan,2019,1,Sawai Madhopur District,133291,0
Rajasthan,2019,1,Jalore District,103490,0
Rajasthan,2019,1,Bikaner District,217474,0
Rajasthan,2019,1,Sikar District,318166,0
Rajasthan,2019,1,Dholpur District,60029,0
Rajasthan,2019,1,Sirohi District,79721,0
Rajasthan,2019,1,Rajsamand District,78583,0
Rajasthan,2019,1,Jaisalmer District,61453,0
Rajasthan,2019,1,Bundi District,86749,0
Rajasthan,2019,1,Jhalawar District,92752,0
Rajasthan,2019,1,Alwar District,517681,0
Rajasthan,2019,1,Kota District,318085,0
Rajasthan,2019,1,Jhunjhunu District,238956,0
Rajasthan,2021,1,Pali District,415885,11819976
Rajasthan,2021,1,Ganganagar District,417045,15473270
Rajasthan,2021,1,Churu District,419405,11431454
Rajasthan,2021,1,Jaipur District,3951866,183223237
Rajasthan,2021,1,Baran District,203337,5801624
Rajasthan,2021,1,Bhilwara District,651400,25443751
Rajasthan,2021,1,Banswara District,141400,3013349
Rajasthan,2021,1,Dungarpur District,127350,2477341
Rajasthan,2021,1,Tonk District,320035,12332529
Rajasthan,2021,1,Jodhpur District,1036855,31951682
Rajasthan,2021,1,Karauli District,246158,8003738
Rajasthan,2021,1,Udaipur District,619264,20513934
Rajasthan,2021,1,Dausa District,436073,18930061
Rajasthan,2021,1,Nagaur District,674465,20283897
Rajasthan,2021,1,Bharatpur District,532869,12486257
Rajasthan,2021,1,Barmer District,467599,16621513
Rajasthan,2021,1,Ajmer District,723852,23579979
Rajasthan,2021,1,Chittorgarh District,346105,10970397
Rajasthan,2021,1,Hanumangarh District,296847,10904246
Rajasthan,2021,1,Pratapgarh District,91072,2334901
Rajasthan,2021,1,Sawai Madhopur District,308182,11891379
Rajasthan,2021,1,Jalore District,291129,7479999
Rajasthan,2021,1,Bikaner District,549650,17216574
Rajasthan,2021,1,Sikar District,770103,28600473
Rajasthan,2021,1,Dholpur District,157012,4162764
Rajasthan,2021,1,Sirohi District,196962,5802177
Rajasthan,2021,1,Rajsamand District,213464,6267543
Rajasthan,2021,1,Jaisalmer District,167775,6229028
Rajasthan,2021,1,Bundi District,214612,6548190
Rajasthan,2021,1,Jhalawar District,243433,8020226
Rajasthan,2021,1,Alwar District,1185599,43190779
Rajasthan,2021,1,Kota District,674683,22050579
Rajasthan,2021,1,Jhunjhunu District,569602,17478212
Rajasthan,2020,1,Pali District,268302,5368443
Rajasthan,2020,1,Ganganagar District,310884,8129893
Rajasthan,2020,1,Churu District,275729,5570951
Rajasthan,2020,1,Jaipur District,2966508,112753813
Rajasthan,2020,1,Baran District,133269,3014985
Rajasthan,2020,1,Bhilwara District,442746,13144341
Rajasthan,2020,1,Banswara District,82838,1342542
Rajasthan,2020,1,Dungarpur District,76324,1159673
Rajasthan,2020,1,Tonk District,216178,6901660
Rajasthan,2020,1,Jodhpur District,695569,15334159
Rajasthan,2020,1,Karauli District,164040,4420047
Rajasthan,2020,1,Udaipur District,422167,10513844
Rajasthan,2020,1,Dausa District,308670,11217391
Rajasthan,2020,1,Nagaur District,437492,9554943
Rajasthan,2020,1,Bharatpur District,329290,6790404
Rajasthan,2020,1,Barmer District,286601,7166819
Rajasthan,2020,1,Ajmer District,482545,10914304
Rajasthan,2020,1,Chittorgarh District,231108,5597109
Rajasthan,2020,1,Hanumangarh District,216674,5952908
Rajasthan,2020,1,Pratapgarh District,55077,1133884
Rajasthan,2020,1,Sawai Madhopur District,209020,6355173
Rajasthan,2020,1,Jalore District,180293,3511023
Rajasthan,2020,1,Bikaner District,362779,8266173
Rajasthan,2020,1,Sikar District,522371,14810439
Rajasthan,2020,1,Dholpur District,101624,2213179
Rajasthan,2020,1,Sirohi District,129859,2676831
Rajasthan,2020,1,Rajsamand District,135151,2855731
Rajasthan,2020,1,Jaisalmer District,105533,2508061
Rajasthan,2020,1,Bundi District,142309,3455333
Rajasthan,2020,1,Jhalawar District,155961,4310076
Rajasthan,2020,1,Alwar District,825297,23195731
Rajasthan,2020,1,Kota District,483202,13130482
Rajasthan,2020,1,Jhunjhunu District,386643,8545411
Rajasthan,2018,1,Pali District,61805,0
Rajasthan,2018,1,Ganganagar District,89175,0
Rajasthan,2018,1,Churu District,65574,0
Rajasthan,2018,1,Jaipur District,900773,0
Rajasthan,2018,1,Baran District,34380,0
Rajasthan,2018,1,Bhilwara District,111753,0
Rajasthan,2018,1,Banswara District,18977,0
Rajasthan,2018,1,Dungarpur District,17191,0
Rajasthan,2018,1,Tonk District,51391,0
Rajasthan,2018,1,Jodhpur District,172648,0
Rajasthan,2018,1,Karauli District,38670,0
Rajasthan,2018,1,Udaipur District,111919,0
Rajasthan,2018,1,Dausa District,75701,0
Rajasthan,2018,1,Nagaur District,101581,0
Rajasthan,2018,1,Bharatpur District,68429,0
Rajasthan,2018,1,Barmer District,60424,0
Rajasthan,2018,1,Ajmer District,118458,0
Rajasthan,2018,1,Chittorgarh District,59344,0
Rajasthan,2018,1,Hanumangarh District,61196,0
Rajasthan,2018,1,Pratapgarh District,13060,0
Rajasthan,2018,1,Sawai Madhopur District,54942,0
Rajasthan,2018,1,Jalore District,35230,0
Rajasthan,2018,1,Bikaner District,86986,0
Rajasthan,2018,1,Sikar District,133983,0
Rajasthan,2018,1,Dholpur District,22160,0
Rajasthan,2018,1,Sirohi District,30697,0
Rajasthan,2018,1,Rajsamand District,29111,0
Rajasthan,2018,1,Jaisalmer District,21619,0
Rajasthan,2018,1,Bundi District,33190,0
Rajasthan,2018,1,Jhalawar District,34416,0
Rajasthan,2018,1,Alwar District,203096,0
Rajasthan,2018,1,Kota District,141411,0
Rajasthan,2018,1,Jhunjhunu District,98912,0
Andhra Pradesh,2022,1,East Godavari District,2432305,87134562
Andhra Pradesh,2022,1,Srikakulam District,1027283,46691467
Andhra Pradesh,2022,1,Visakhapatnam District,3061324,88803090
Andhra Pradesh,2022,1,Prakasam District,1408929,104851997
Andhra Pradesh,2022,1,Anantapur District,1827094,155792533
Andhra Pradesh,2022,1,Kurnool District,1729513,119653214
Andhra Pradesh,2022,1,Guntur District,2387051,88844052
Andhra Pradesh,2022,1,Krishna District,2423373,85871644
Andhra Pradesh,2022,1,Spsr Nellore District,1431664,101671767
Andhra Pradesh,2022,1,Vizianagaram District,892889,44804002
Andhra Pradesh,2022,1,Ysr District,1339782,98878499
Andhra Pradesh,2022,1,West Godavari District,1626039,87642475
Andhra Pradesh,2022,1,Chittoor District,2270705,144146671
Andhra Pradesh,2024,1,East Godavari District,3465605,70700482
Andhra Pradesh,2024,1,Srikakulam District,1492803,25384857
Andhra Pradesh,2024,1,Visakhapatnam District,4349723,183432261
Andhra Pradesh,2024,1,Prakasam District,2022873,57134465
Andhra Pradesh,2024,1,Anantapur District,2619335,121235223
Andhra Pradesh,2024,1,Kurnool District,2484451,115346032
Andhra Pradesh,2024,1,Guntur District,3382454,82606973
Andhra Pradesh,2024,1,Krishna District,3423998,59203320
Andhra Pradesh,2024,1,Spsr Nellore District,2037823,73245409
Andhra Pradesh,2024,1,Vizianagaram District,1289838,45744793
Andhra Pradesh,2024,1,Ysr District,1905157,75306755
Andhra Pradesh,2024,1,West Godavari District,2319971,59978637
Andhra Pradesh,2024,1,Chittoor District,3214678,110865896
Andhra Pradesh,2023,1,East Godavari District,2965296,98931582
Andhra Pradesh,2023,1,Srikakulam District,1263204,48743038
Andhra Pradesh,2023,1,Visakhapatnam District,3732544,107253885
Andhra Pradesh,2023,1,Prakasam District,1719910,112502189
Andhra Pradesh,2023,1,Anantapur District,2228505,177793392
Andhra Pradesh,2023,1,Kurnool District,2114023,149581663
Andhra Pradesh,2023,1,Guntur District,2900895,103514892
Andhra Pradesh,2023,1,Krishna District,2941585,98727644
Andhra Pradesh,2023,1,Spsr Nellore District,1740294,111993275
Andhra Pradesh,2023,1,Vizianagaram District,1094782,55519223
Andhra Pradesh,2023,1,Ysr District,1628595,109842928
Andhra Pradesh,2023,1,West Godavari District,1980446,102965151
Andhra Pradesh,2023,1,Chittoor District,2755784,164669558
Andhra Pradesh,2019,1,East Godavari District,839277,0
Andhra Pradesh,2019,1,Srikakulam District,345775,0
Andhra Pradesh,2019,1,Visakhapatnam District,1174517,0
Andhra Pradesh,2019,1,Prakasam District,474260,0
Andhra Pradesh,2019,1,Anantapur District,612162,0
Andhra Pradesh,2019,1,Kurnool District,599422,0
Andhra Pradesh,2019,1,Guntur District,802394,0
Andhra Pradesh,2019,1,Krishna District,833694,0
Andhra Pradesh,2019,1,Spsr Nellore District,491908,0
Andhra Pradesh,2019,1,Vizianagaram District,313334,0
Andhra Pradesh,2019,1,Ysr District,460590,0
Andhra Pradesh,2019,1,West Godavari District,523372,0
Andhra Pradesh,2019,1,Chittoor District,812314,0
Andhra Pradesh,2021,1,East Godavari District,1878769,91478749
Andhra Pradesh,2021,1,Srikakulam District,782604,40590058
Andhra Pradesh,2021,1,Visakhapatnam District,2368081,135908324
Andhra Pradesh,2021,1,Prakasam District,1075936,56911479
Andhra Pradesh,2021,1,Anantapur District,1394849,73375049
Andhra Pradesh,2021,1,Kurnool District,1323411,65326230
Andhra Pradesh,2021,1,Guntur District,1843237,92731167
Andhra Pradesh,2021,1,Krishna District,1876458,92941553
Andhra Pradesh,2021,1,Spsr Nellore District,1100541,60691988
Andhra Pradesh,2021,1,Vizianagaram District,681621,37752539
Andhra Pradesh,2021,1,Ysr District,1032689,53525815
Andhra Pradesh,2021,1,West Godavari District,1254117,57392671
Andhra Pradesh,2021,1,Chittoor District,1751420,99083825
Andhra Pradesh,2020,1,East Godavari District,1329664,46142746
Andhra Pradesh,2020,1,Srikakulam District,552007,20975989
Andhra Pradesh,2020,1,Visakhapatnam District,1763581,77558624
Andhra Pradesh,2020,1,Prakasam District,748655,26870693
Andhra Pradesh,2020,1,Anantapur District,971850,36900103
Andhra Pradesh,2020,1,Kurnool District,936293,34198350
Andhra Pradesh,2020,1,Guntur District,1289678,45282758
Andhra Pradesh,2020,1,Krishna District,1331602,46079408
Andhra Pradesh,2020,1,Spsr Nellore District,775440,28879364
Andhra Pradesh,2020,1,Vizianagaram District,490683,21562104
Andhra Pradesh,2020,1,Ysr District,717865,26166193
Andhra Pradesh,2020,1,West Godavari District,843835,24542868
Andhra Pradesh,2020,1,Chittoor District,1270907,51354573
Andhra Pradesh,2018,1,East Godavari District,350356,0
Andhra Pradesh,2018,1,Srikakulam District,143839,0
Andhra Pradesh,2018,1,Visakhapatnam District,497187,0
Andhra Pradesh,2018,1,Prakasam District,189949,0
Andhra Pradesh,2018,1,Anantapur District,241192,0
Andhra Pradesh,2018,1,Kurnool District,240133,0
Andhra Pradesh,2018,1,Guntur District,317065,0
Andhra Pradesh,2018,1,Krishna District,323673,0
Andhra Pradesh,2018,1,Spsr Nellore District,194475,0
Andhra Pradesh,2018,1,Vizianagaram District,128905,0
Andhra Pradesh,2018,1,Ysr District,186800,0
Andhra Pradesh,2018,1,West Godavari District,213335,0
Andhra Pradesh,2018,1,Chittoor District,309541,0
Chandigarh,2022,1,Chandigarh District,541549,2321685
Chandigarh,2024,1,Chandigarh District,754849,2680802
Chandigarh,2023,1,Chandigarh District,654522,2001065
Chandigarh,2019,1,Chandigarh District,209175,0
Chandigarh,2021,1,Chandigarh District,419998,7919533
Chandigarh,2020,1,Chandigarh District,312887,5201211
Chandigarh,2018,1,Chandigarh District,86268,0
Kerala,2022,1,Thiruvananthapuram District,989791,5574116
Kerala,2022,1,Kasaragod District,294943,5220451
Kerala,2022,1,Malappuram District,871127,9688261
Kerala,2022,1,Pathanamthitta District,271165,4036616
Kerala,2022,1,Wayanad District,234308,6349929
Kerala,2022,1,Alappuzha District,534116,2971951
Kerala,2022,1,Kozhikode District,887215,8824744
Kerala,2022,1,Kollam District,623472,4995465
Kerala,2022,1,Thrissur District,768604,5764628
Kerala,2022,1,Palakkad District,620428,9057055
Kerala,2022,1,Kannur District,640842,8394165
Kerala,2022,1,Kottayam District,504349,4454903
Kerala,2022,1,Ernakulam District,1454447,8812130
Kerala,2022,1,Idukki District,277492,9903479
Kerala,2024,1,Thiruvananthapuram District,1385762,6755579
Kerala,2024,1,Kasaragod District,407396,11250687
Kerala,2024,1,Malappuram District,1204103,18102064
Kerala,2024,1,Pathanamthitta District,382391,4572880
Kerala,2024,1,Wayanad District,327109,9811178
Kerala,2024,1,Alappuzha District,758068,4506011
Kerala,2024,1,Kozhikode District,1225291,12613078
Kerala,2024,1,Kollam District,881620,5217490
Kerala,2024,1,Thrissur District,1077037,9057237
Kerala,2024,1,Palakkad District,869821,22185884
Kerala,2024,1,Kannur District,889736,15411293
Kerala,2024,1,Kottayam District,712753,11345296
Kerala,2024,1,Ernakulam District,2040327,15438933
Kerala,2024,1,Idukki District,391882,27009356
Kerala,2023,1,Thiruvananthapuram District,1196164,5790866
Kerala,2023,1,Kasaragod District,352199,7272460
Kerala,2023,1,Malappuram District,1043945,11327999
Kerala,2023,1,Pathanamthitta District,327848,4496002
Kerala,2023,1,Wayanad District,281511,7462010
Kerala,2023,1,Alappuzha District,649660,3956500
Kerala,2023,1,Kozhikode District,1063764,10336755
Kerala,2023,1,Kollam District,756282,5731050
Kerala,2023,1,Thrissur District,927648,5348184
Kerala,2023,1,Palakkad District,747944,11955428
Kerala,2023,1,Kannur District,769407,11743750
Kerala,2023,1,Kottayam District,611048,5890990
Kerala,2023,1,Ernakulam District,1760620,8892815
Kerala,2023,1,Idukki District,334683,16191071
Kerala,2019,1,Thiruvananthapuram District,239634,0
Kerala,2019,1,Kasaragod District,59697,0
Kerala,2019,1,Malappuram District,206857,0
Kerala,2019,1,Pathanamthitta District,60107,0
Kerala,2019,1,Wayanad District,49356,0
Kerala,2019,1,Alappuzha District,114882,0
Kerala,2019,1,Kozhikode District,212403,0
Kerala,2019,1,Kollam District,125697,0
Kerala,2019,1,Thrissur District,184516,0
Kerala,2019,1,Palakkad District,145211,0
Kerala,2019,1,Kannur District,143289,0
Kerala,2019,1,Kottayam District,121975,0
Kerala,2019,1,Ernakulam District,409812,0
Kerala,2019,1,Idukki District,63188,0
Kerala,2021,1,Thiruvananthapuram District,767813,12466068
Kerala,2021,1,Kasaragod District,228237,3185008
Kerala,2021,1,Malappuram District,676242,10051526
Kerala,2021,1,Pathanamthitta District,208354,2657364
Kerala,2021,1,Wayanad District,179709,3269417
Kerala,2021,1,Alappuzha District,410141,5933047
Kerala,2021,1,Kozhikode District,691148,11973015
Kerala,2021,1,Kollam District,480459,6908382
Kerala,2021,1,Thrissur District,594589,7910699
Kerala,2021,1,Palakkad District,477868,6855314
Kerala,2021,1,Kannur District,496955,7186972
Kerala,2021,1,Kottayam District,387696,5271780
Kerala,2021,1,Ernakulam District,1126122,22261257
Kerala,2021,1,Idukki District,211610,2988884
Kerala,2020,1,Thiruvananthapuram District,466301,6148324
Kerala,2020,1,Kasaragod District,121264,1204490
Kerala,2020,1,Malappuram District,387405,3701945
Kerala,2020,1,Pathanamthitta District,118197,1168749
Kerala,2020,1,Wayanad District,101733,1172735
Kerala,2020,1,Alappuzha District,235048,2565160
Kerala,2020,1,Kozhikode District,404139,4887122
Kerala,2020,1,Kollam District,265751,2917884
Kerala,2020,1,Thrissur District,349437,3445588
Kerala,2020,1,Palakkad District,277861,2987636
Kerala,2020,1,Kannur District,282719,2862750
Kerala,2020,1,Kottayam District,229263,2292523
Kerala,2020,1,Ernakulam District,716945,9757027
Kerala,2020,1,Idukki District,122253,1284465
Kerala,2018,1,Thiruvananthapuram District,81846,0
Kerala,2018,1,Kasaragod District,20008,0
Kerala,2018,1,Malappuram District,86063,0
Kerala,2018,1,Pathanamthitta District,18890,0
Kerala,2018,1,Wayanad District,16239,0
Kerala,2018,1,Alappuzha District,39275,0
Kerala,2018,1,Kozhikode District,83422,0
Kerala,2018,1,Kollam District,41946,0
Kerala,2018,1,Thrissur District,67247,0
Kerala,2018,1,Palakkad District,51507,0
Kerala,2018,1,Kannur District,54093,0
Kerala,2018,1,Kottayam District,43142,0
Kerala,2018,1,Ernakulam District,159188,0
Kerala,2018,1,Idukki District,21318,0
Chhattisgarh,2022,1,Dhamtari District,138724,9304051
Chhattisgarh,2022,1,Korba District,317604,28555879
Chhattisgarh,2022,1,Surajpur District,128121,18928338
Chhattisgarh,2022,1,Baloda Bazar District,234464,17052096
Chhattisgarh,2022,1,Sukma District,39721,5650530
Chhattisgarh,2022,1,Raigarh District,403164,28569591
Chhattisgarh,2022,1,Janjgir Champa District,392285,17826573
Chhattisgarh,2022,1,Jashpur District,131014,23052569
Chhattisgarh,2022,1,Balod District,140692,11029061
Chhattisgarh,2022,1,Kabirdham District,127669,11532414
Chhattisgarh,2022,1,Surguja District,195440,18501509
Chhattisgarh,2022,1,Dantewada District,57389,5840979
Chhattisgarh,2022,1,Gariyaband District,82487,13703262
Chhattisgarh,2022,1,Durg District,639688,13567777
Chhattisgarh,2022,1,Rajnandgaon District,264326,25331975
Chhattisgarh,2022,1,Raipur District,1038105,34404453
Chhattisgarh,2022,1,Narayanpur District,22756,3394010
Chhattisgarh,2022,1,Kanker District,133857,20092568
Chhattisgarh,2022,1,Korea District,127890,16324553
Chhattisgarh,2022,1,Mungeli District,92691,7216878
Chhattisgarh,2022,1,Bilaspur District,537617,24822855
Chhattisgarh,2022,1,Balrampur District,100226,26814683
Chhattisgarh,2022,1,Bijapur District,46540,6589775
Chhattisgarh,2022,1,Bemetara District,118600,11001712
Chhattisgarh,2022,1,Bastar District,142818,14540720
Chhattisgarh,2022,1,Kondagaon District,77846,14700267
Chhattisgarh,2022,1,Mahasamund District,185227,20154360
Chhattisgarh,2024,1,Dhamtari District,195666,29368847
Chhattisgarh,2024,1,Korba District,450305,65679283
Chhattisgarh,2024,1,Surajpur District,182929,73598181
Chhattisgarh,2024,1,Baloda Bazar District,334412,40959396
Chhattisgarh,2024,1,Sukma District,57265,22962090
Chhattisgarh,2024,1,Raigarh District,575592,66083055
Chhattisgarh,2024,1,Janjgir Champa District,560679,20538475
Chhattisgarh,2024,1,Jashpur District,188309,72040773
Chhattisgarh,2024,1,Balod District,197698,16845658
Chhattisgarh,2024,1,Kabirdham District,182942,37319630
Chhattisgarh,2024,1,Surguja District,278856,68176885
Chhattisgarh,2024,1,Dantewada District,82069,19898896
Chhattisgarh,2024,1,Gariyaband District,117351,39067449
Chhattisgarh,2024,1,Durg District,897874,20388763
Chhattisgarh,2024,1,Rajnandgaon District,374946,72393431
Chhattisgarh,2024,1,Raipur District,1462871,56323121
Chhattisgarh,2024,1,Narayanpur District,32773,15175397
Chhattisgarh,2024,1,Kanker District,191312,72444890
Chhattisgarh,2024,1,Korea District,181963,72350967
Chhattisgarh,2024,1,Mungeli District,132207,28375275
Chhattisgarh,2024,1,Bilaspur District,759420,57213847
Chhattisgarh,2024,1,Balrampur District,144136,98245750
Chhattisgarh,2024,1,Bijapur District,67170,19019024
Chhattisgarh,2024,1,Bemetara District,168545,32368865
Chhattisgarh,2024,1,Bastar District,202314,77015005
Chhattisgarh,2024,1,Kondagaon District,110929,51848299
Chhattisgarh,2024,1,Mahasamund District,263607,45250180
Chhattisgarh,2023,1,Dhamtari District,166518,16265570
Chhattisgarh,2023,1,Korba District,384883,41420804
Chhattisgarh,2023,1,Surajpur District,154951,24819830
Chhattisgarh,2023,1,Baloda Bazar District,283757,28724859
Chhattisgarh,2023,1,Sukma District,48459,8218775
Chhattisgarh,2023,1,Raigarh District,489890,39505661
Chhattisgarh,2023,1,Janjgir Champa District,476533,19351922
Chhattisgarh,2023,1,Jashpur District,158413,36166820
Chhattisgarh,2023,1,Balod District,168030,17836497
Chhattisgarh,2023,1,Kabirdham District,154630,19575041
Chhattisgarh,2023,1,Surguja District,237340,29026056
Chhattisgarh,2023,1,Dantewada District,69509,7095008
Chhattisgarh,2023,1,Gariyaband District,99065,15884449
Chhattisgarh,2023,1,Durg District,773280,18019736
Chhattisgarh,2023,1,Rajnandgaon District,317976,43569296
Chhattisgarh,2023,1,Raipur District,1260366,44958888
Chhattisgarh,2023,1,Narayanpur District,27764,7805245
Chhattisgarh,2023,1,Kanker District,161542,37735279
Chhattisgarh,2023,1,Korea District,154793,25572535
Chhattisgarh,2023,1,Mungeli District,111884,11229608
Chhattisgarh,2023,1,Bilaspur District,651084,34174722
Chhattisgarh,2023,1,Balrampur District,121253,43025749
Chhattisgarh,2023,1,Bijapur District,56723,9955085
Chhattisgarh,2023,1,Bemetara District,142329,19561616
Chhattisgarh,2023,1,Bastar District,172235,24393291
Chhattisgarh,2023,1,Kondagaon District,93464,27373044
Chhattisgarh,2023,1,Mahasamund District,222989,27533045
Chhattisgarh,2019,1,Dhamtari District,44369,0
Chhattisgarh,2019,1,Korba District,105570,0
Chhattisgarh,2019,1,Surajpur District,39128,0
Chhattisgarh,2019,1,Baloda Bazar District,73454,0
Chhattisgarh,2019,1,Sukma District,11464,0
Chhattisgarh,2019,1,Raigarh District,139059,0
Chhattisgarh,2019,1,Janjgir Champa District,130114,0
Chhattisgarh,2019,1,Jashpur District,35598,0
Chhattisgarh,2019,1,Balod District,42804,0
Chhattisgarh,2019,1,Kabirdham District,36729,0
Chhattisgarh,2019,1,Surguja District,62300,0
Chhattisgarh,2019,1,Dantewada District,17514,0
Chhattisgarh,2019,1,Gariyaband District,25995,0
Chhattisgarh,2019,1,Durg District,224058,0
Chhattisgarh,2019,1,Rajnandgaon District,78320,0
Chhattisgarh,2019,1,Raipur District,351495,0
Chhattisgarh,2019,1,Narayanpur District,6161,0
Chhattisgarh,2019,1,Kanker District,36502,0
Chhattisgarh,2019,1,Korea District,41970,0
Chhattisgarh,2019,1,Mungeli District,26640,0
Chhattisgarh,2019,1,Bilaspur District,184636,0
Chhattisgarh,2019,1,Balrampur District,27410,0
Chhattisgarh,2019,1,Bijapur District,12986,0
Chhattisgarh,2019,1,Bemetara District,36315,0
Chhattisgarh,2019,1,Bastar District,41559,0
Chhattisgarh,2019,1,Kondagaon District,19795,0
Chhattisgarh,2019,1,Mahasamund District,56953,0
Chhattisgarh,2021,1,Dhamtari District,106354,2232426
Chhattisgarh,2021,1,Korba District,243030,7257892
Chhattisgarh,2021,1,Surajpur District,96117,2611995
Chhattisgarh,2021,1,Baloda Bazar District,178486,4204907
Chhattisgarh,2021,1,Sukma District,29547,879035
Chhattisgarh,2021,1,Raigarh District,306712,8346426
Chhattisgarh,2021,1,Janjgir Champa District,301931,9881334
Chhattisgarh,2021,1,Jashpur District,96584,2306566
Chhattisgarh,2021,1,Balod District,107814,2315276
Chhattisgarh,2021,1,Kabirdham District,96069,2239620
Chhattisgarh,2021,1,Surguja District,147969,4112955
Chhattisgarh,2021,1,Dantewada District,43171,1131007
Chhattisgarh,2021,1,Gariyaband District,61687,1473412
Chhattisgarh,2021,1,Durg District,498453,14831934
Chhattisgarh,2021,1,Rajnandgaon District,200572,4865613
Chhattisgarh,2021,1,Raipur District,800224,24692422
Chhattisgarh,2021,1,Narayanpur District,17030,425638
Chhattisgarh,2021,1,Kanker District,99897,2351676
Chhattisgarh,2021,1,Korea District,96149,2685639
Chhattisgarh,2021,1,Mungeli District,70557,1531522
Chhattisgarh,2021,1,Bilaspur District,413692,11193132
Chhattisgarh,2021,1,Balrampur District,73826,2249510
Chhattisgarh,2021,1,Bijapur District,34702,1108201
Chhattisgarh,2021,1,Bemetara District,89481,1910858
Chhattisgarh,2021,1,Bastar District,107818,2740623
Chhattisgarh,2021,1,Kondagaon District,57107,1323116
Chhattisgarh,2021,1,Mahasamund District,139572,3745969
Chhattisgarh,2020,1,Dhamtari District,69476,1177494
Chhattisgarh,2020,1,Korba District,163500,3380235
Chhattisgarh,2020,1,Surajpur District,61965,1215929
Chhattisgarh,2020,1,Baloda Bazar District,115907,2012251
Chhattisgarh,2020,1,Sukma District,19269,475708
Chhattisgarh,2020,1,Raigarh District,208338,4122100
Chhattisgarh,2020,1,Janjgir Champa District,199431,5380445
Chhattisgarh,2020,1,Jashpur District,59351,1142635
Chhattisgarh,2020,1,Balod District,68724,1158964
Chhattisgarh,2020,1,Kabirdham District,60401,1057255
Chhattisgarh,2020,1,Surguja District,98711,2073053
Chhattisgarh,2020,1,Dantewada District,28594,616147
Chhattisgarh,2020,1,Gariyaband District,39610,776632
Chhattisgarh,2020,1,Durg District,353311,8458392
Chhattisgarh,2020,1,Rajnandgaon District,126699,2331110
Chhattisgarh,2020,1,Raipur District,559412,13218985
Chhattisgarh,2020,1,Narayanpur District,10674,243682
Chhattisgarh,2020,1,Kanker District,61891,1271896
Chhattisgarh,2020,1,Korea District,63940,1222085
Chhattisgarh,2020,1,Mungeli District,44303,709713
Chhattisgarh,2020,1,Bilaspur District,284320,5715987
Chhattisgarh,2020,1,Balrampur District,45517,1106067
Chhattisgarh,2020,1,Bijapur District,22680,585981
Chhattisgarh,2020,1,Bemetara District,57258,960530
Chhattisgarh,2020,1,Bastar District,69623,1449271
Chhattisgarh,2020,1,Kondagaon District,33640,683246
Chhattisgarh,2020,1,Mahasamund District,89942,1678308
Chhattisgarh,2018,1,Dhamtari District,15571,0
Chhattisgarh,2018,1,Korba District,39075,0
Chhattisgarh,2018,1,Surajpur District,12279,0
Chhattisgarh,2018,1,Baloda Bazar District,21747,0
Chhattisgarh,2018,1,Sukma District,3205,0
Chhattisgarh,2018,1,Raigarh District,51628,0
Chhattisgarh,2018,1,Janjgir Champa District,42297,0
Chhattisgarh,2018,1,Jashpur District,12420,0
Chhattisgarh,2018,1,Balod District,13500,0
Chhattisgarh,2018,1,Kabirdham District,10892,0
Chhattisgarh,2018,1,Surguja District,22001,0
Chhattisgarh,2018,1,Dantewada District,4894,0
Chhattisgarh,2018,1,Gariyaband District,8679,0
Chhattisgarh,2018,1,Durg District,91516,0
Chhattisgarh,2018,1,Rajnandgaon District,26295,0
Chhattisgarh,2018,1,Raipur District,135308,0
Chhattisgarh,2018,1,Narayanpur District,1768,0
Chhattisgarh,2018,1,Kanker District,10256,0
Chhattisgarh,2018,1,Korea District,15517,0
Chhattisgarh,2018,1,Mungeli District,7387,0
Chhattisgarh,2018,1,Bilaspur District,68704,0
Chhattisgarh,2018,1,Balrampur District,9313,0
Chhattisgarh,2018,1,Bijapur District,3606,0
Chhattisgarh,2018,1,Bemetara District,12283,0
Chhattisgarh,2018,1,Bastar District,13889,0
Chhattisgarh,2018,1,Kondagaon District,5625,0
Chhattisgarh,2018,1,Mahasamund District,19608,0
Tripura,2022,1,Unakoti District,31971,1184272
Tripura,2022,1,Khowai District,36592,1428458
Tripura,2022,1,Sepahijala District,62906,2518919
Tripura,2022,1,North Tripura District,58694,3254183
Tripura,2022,1,Dhalai District,46680,3487949
Tripura,2022,1,South Tripura District,62764,2820697
Tripura,2022,1,Gomati District,53356,2120938
Tripura,2022,1,West Tripura District,229161,2507547
Tripura,2024,1,Unakoti District,46606,2501397
Tripura,2024,1,Khowai District,53079,17336432
Tripura,2024,1,Sepahijala District,92008,8195960
Tripura,2024,1,North Tripura District,84974,11914435
Tripura,2024,1,Dhalai District,67846,15966253
Tripura,2024,1,South Tripura District,91509,10022191
Tripura,2024,1,Gomati District,77781,8173660
Tripura,2024,1,West Tripura District,328332,7297508
Tripura,2023,1,Unakoti District,39208,2379563
Tripura,2023,1,Khowai District,44453,1822025
Tripura,2023,1,Sepahijala District,76900,3961994
Tripura,2023,1,North Tripura District,71616,5752523
Tripura,2023,1,Dhalai District,56918,4563055
Tripura,2023,1,South Tripura District,76631,4617075
Tripura,2023,1,Gomati District,65137,3302589
Tripura,2023,1,West Tripura District,280021,3337817
Tripura,2019,1,Unakoti District,8750,0
Tripura,2019,1,Khowai District,11327,0
Tripura,2019,1,Sepahijala District,18086,0
Tripura,2019,1,North Tripura District,15986,0
Tripura,2019,1,Dhalai District,13219,0
Tripura,2019,1,South Tripura District,19784,0
Tripura,2019,1,Gomati District,16370,0
Tripura,2019,1,West Tripura District,79732,0
Tripura,2021,1,Unakoti District,23739,294465
Tripura,2021,1,Khowai District,27361,303410
Tripura,2021,1,Sepahijala District,46925,587209
Tripura,2021,1,North Tripura District,44051,617998
Tripura,2021,1,Dhalai District,34747,506681
Tripura,2021,1,South Tripura District,47052,630765
Tripura,2021,1,Gomati District,39920,542170
Tripura,2021,1,West Tripura District,175841,2526962
Tripura,2020,1,Unakoti District,15593,180721
Tripura,2020,1,Khowai District,18592,228260
Tripura,2020,1,Sepahijala District,30379,400402
Tripura,2020,1,North Tripura District,28648,341065
Tripura,2020,1,Dhalai District,22808,295862
Tripura,2020,1,South Tripura District,32716,432576
Tripura,2020,1,Gomati District,26688,365712
Tripura,2020,1,West Tripura District,124538,1818625
Tripura,2018,1,Unakoti District,2484,0
Tripura,2018,1,Khowai District,3017,0
Tripura,2018,1,Sepahijala District,4664,0
Tripura,2018,1,North Tripura District,4432,0
Tripura,2018,1,Dhalai District,3448,0
Tripura,2018,1,South Tripura District,5361,0
Tripura,2018,1,Gomati District,4509,0
Tripura,2018,1,West Tripura District,27242,0
Mizoram,2022,1,Serchhip District,4906,920558
Mizoram,2022,1,Aizawl District,59433,2197478
Mizoram,2022,1,Lunglei District,14538,3219546
Mizoram,2022,1,Mamit District,6299,1986920
Mizoram,2022,1,Lawngtlai District,11459,1752134
Mizoram,2022,1,Kolasib District,8375,2007152
Mizoram,2022,1,Champhai District,6875,2016621
Mizoram,2022,1,Saiha District,3410,786248
Mizoram,2024,1,Serchhip District,6995,1425069
Mizoram,2024,1,Aizawl District,84499,9846822
Mizoram,2024,1,Lunglei District,20891,8943798
Mizoram,2024,1,Mamit District,9085,8989109
Mizoram,2024,1,Lawngtlai District,16779,6350622
Mizoram,2024,1,Kolasib District,12085,5160946
Mizoram,2024,1,Champhai District,9876,6688651
Mizoram,2024,1,Saiha District,4916,2889347
Mizoram,2023,1,Serchhip District,5783,807510
Mizoram,2023,1,Aizawl District,71979,3916312
Mizoram,2023,1,Lunglei District,17393,4205434
Mizoram,2023,1,Mamit District,7399,3348929
Mizoram,2023,1,Lawngtlai District,13917,2234860
Mizoram,2023,1,Kolasib District,10051,5824070
Mizoram,2023,1,Champhai District,8148,2758992
Mizoram,2023,1,Saiha District,4081,1307587
Mizoram,2019,1,Serchhip District,1047,0
Mizoram,2019,1,Aizawl District,13422,0
Mizoram,2019,1,Lunglei District,2910,0
Mizoram,2019,1,Mamit District,1096,0
Mizoram,2019,1,Lawngtlai District,1648,0
Mizoram,2019,1,Kolasib District,1730,0
Mizoram,2019,1,Champhai District,1179,0
Mizoram,2019,1,Saiha District,638,0
Mizoram,2021,1,Serchhip District,3582,54129
Mizoram,2021,1,Aizawl District,45103,567367
Mizoram,2021,1,Lunglei District,10638,166946
Mizoram,2021,1,Mamit District,4467,79255
Mizoram,2021,1,Lawngtlai District,8386,137614
Mizoram,2021,1,Kolasib District,6120,96924
Mizoram,2021,1,Champhai District,4968,55350
Mizoram,2021,1,Saiha District,2486,35629
Mizoram,2020,1,Serchhip District,1992,32938
Mizoram,2020,1,Aizawl District,25253,311082
Mizoram,2020,1,Lunglei District,5778,88472
Mizoram,2020,1,Mamit District,2379,47970
Mizoram,2020,1,Lawngtlai District,3996,63102
Mizoram,2020,1,Kolasib District,3360,54171
Mizoram,2020,1,Champhai District,2448,27677
Mizoram,2020,1,Saiha District,1293,19271
Mizoram,2018,1,Serchhip District,299,0
Mizoram,2018,1,Aizawl District,4550,0
Mizoram,2018,1,Lunglei District,879,0
Mizoram,2018,1,Mamit District,316,0
Mizoram,2018,1,Lawngtlai District,474,0
Mizoram,2018,1,Kolasib District,486,0
Mizoram,2018,1,Champhai District,358,0
Mizoram,2018,1,Saiha District,231,0
Himachal Pradesh,2022,1,Solan District,410487,6710908
Himachal Pradesh,2022,1,Sirmaur District,154267,8561040
Himachal Pradesh,2022,1,Shimla District,267642,10998338
Himachal Pradesh,2022,1,Bilaspur District,104121,3566950
Himachal Pradesh,2022,1,Hamirpur District,144434,2665125
Himachal Pradesh,2022,1,Una District,133249,3601757
Himachal Pradesh,2022,1,Kangra District,405048,11350217
Himachal Pradesh,2022,1,Kullu District,141024,5488435
Himachal Pradesh,2022,1,Mandi District,246307,11736477
Himachal Pradesh,2022,1,Lahul And Spiti District,5365,2063470
Himachal Pradesh,2022,1,Chamba District,103270,8403790
Himachal Pradesh,2022,1,Kinnaur District,28269,2131771
Himachal Pradesh,2024,1,Solan District,589300,12543193
Himachal Pradesh,2024,1,Sirmaur District,221437,22122834
Himachal Pradesh,2024,1,Shimla District,377256,45279050
Himachal Pradesh,2024,1,Bilaspur District,147931,10480372
Himachal Pradesh,2024,1,Hamirpur District,205849,7302704
Himachal Pradesh,2024,1,Una District,189642,11730959
Himachal Pradesh,2024,1,Kangra District,574721,32086549
Himachal Pradesh,2024,1,Kullu District,199263,17441086
Himachal Pradesh,2024,1,Mandi District,349578,43389086
Himachal Pradesh,2024,1,Lahul And Spiti District,7603,4506657
Himachal Pradesh,2024,1,Chamba District,147121,19732141
Himachal Pradesh,2024,1,Kinnaur District,40440,5020166
Himachal Pradesh,2023,1,Solan District,501947,8637440
Himachal Pradesh,2023,1,Sirmaur District,187417,12835687
Himachal Pradesh,2023,1,Shimla District,322036,15709663
Himachal Pradesh,2023,1,Bilaspur District,125771,5267131
Himachal Pradesh,2023,1,Hamirpur District,175074,2741291
Himachal Pradesh,2023,1,Una District,161122,5288709
Himachal Pradesh,2023,1,Kangra District,489369,15233885
Himachal Pradesh,2023,1,Kullu District,170048,8940251
Himachal Pradesh,2023,1,Mandi District,296936,15192226
Himachal Pradesh,2023,1,Lahul And Spiti District,6298,2019145
Himachal Pradesh,2023,1,Chamba District,124457,17455360
Himachal Pradesh,2023,1,Kinnaur District,34193,2381256
Himachal Pradesh,2019,1,Solan District,139300,0
Himachal Pradesh,2019,1,Sirmaur District,47638,0
Himachal Pradesh,2019,1,Shimla District,80651,0
Himachal Pradesh,2019,1,Bilaspur District,32537,0
Himachal Pradesh,2019,1,Hamirpur District,44206,0
Himachal Pradesh,2019,1,Una District,40315,0
Himachal Pradesh,2019,1,Kangra District,115120,0
Himachal Pradesh,2019,1,Kullu District,43436,0
Himachal Pradesh,2019,1,Mandi District,72963,0
Himachal Pradesh,2019,1,Lahul And Spiti District,1307,0
Himachal Pradesh,2019,1,Chamba District,27481,0
Himachal Pradesh,2019,1,Kinnaur District,8251,0
Himachal Pradesh,2021,1,Solan District,312360,5433072
Himachal Pradesh,2021,1,Sirmaur District,115705,1873784
Himachal Pradesh,2021,1,Shimla District,202911,2980576
Himachal Pradesh,2021,1,Bilaspur District,78663,1051062
Himachal Pradesh,2021,1,Hamirpur District,109372,1412578
Himachal Pradesh,2021,1,Una District,100832,1406676
Himachal Pradesh,2021,1,Kangra District,306531,4233701
Himachal Pradesh,2021,1,Kullu District,107536,1960270
Himachal Pradesh,2021,1,Mandi District,186340,2344384
Himachal Pradesh,2021,1,Lahul And Spiti District,3938,81725
Himachal Pradesh,2021,1,Chamba District,77599,1111619
Himachal Pradesh,2021,1,Kinnaur District,21164,338647
Himachal Pradesh,2020,1,Solan District,220293,3472122
Himachal Pradesh,2020,1,Sirmaur District,77972,1116073
Himachal Pradesh,2020,1,Shimla District,139890,1827107
Himachal Pradesh,2020,1,Bilaspur District,54024,644156
Himachal Pradesh,2020,1,Hamirpur District,73945,946744
Himachal Pradesh,2020,1,Una District,68564,909036
Himachal Pradesh,2020,1,Kangra District,205367,2464280
Himachal Pradesh,2020,1,Kullu District,74668,1006068
Himachal Pradesh,2020,1,Mandi District,124971,1412270
Himachal Pradesh,2020,1,Lahul And Spiti District,2252,27781
Himachal Pradesh,2020,1,Chamba District,50169,600979
Himachal Pradesh,2020,1,Kinnaur District,13910,213488
Himachal Pradesh,2018,1,Solan District,50035,0
Himachal Pradesh,2018,1,Sirmaur District,15880,0
Himachal Pradesh,2018,1,Shimla District,28214,0
Himachal Pradesh,2018,1,Bilaspur District,11975,0
Himachal Pradesh,2018,1,Hamirpur District,15614,0
Himachal Pradesh,2018,1,Una District,13234,0
Himachal Pradesh,2018,1,Kangra District,39016,0
Himachal Pradesh,2018,1,Kullu District,15318,0
Himachal Pradesh,2018,1,Mandi District,26238,0
Himachal Pradesh,2018,1,Lahul And Spiti District,487,0
Himachal Pradesh,2018,1,Chamba District,8678,0
Himachal Pradesh,2018,1,Kinnaur District,2684,0
Dadra & Nagar Haveli & Daman & Diu,2022,1,Diu District,14964,143766
Dadra & Nagar Haveli & Daman & Diu,2022,1,Daman District,155029,799218
Dadra & Nagar Haveli & Daman & Diu,2022,1,Dadra And Nagar Haveli District,254577,2967808
Dadra & Nagar Haveli & Daman & Diu,2024,1,Diu District,21329,52856
Dadra & Nagar Haveli & Daman & Diu,2024,1,Daman District,224463,443492
Dadra & Nagar Haveli & Daman & Diu,2024,1,Dadra And Nagar Haveli District,370071,5470752
Dadra & Nagar Haveli & Daman & Diu,2023,1,Diu District,18234,246909
Dadra & Nagar Haveli & Daman & Diu,2023,1,Daman District,191432,522235
Dadra & Nagar Haveli & Daman & Diu,2023,1,Dadra And Nagar Haveli District,314951,3702140
Dadra & Nagar Haveli & Daman & Diu,2019,1,Diu District,5452,0
Dadra & Nagar Haveli & Daman & Diu,2019,1,Daman District,51093,0
Dadra & Nagar Haveli & Daman & Diu,2019,1,Dadra And Nagar Haveli District,83987,0
Dadra & Nagar Haveli & Daman & Diu,2021,1,Diu District,11406,156639
Dadra & Nagar Haveli & Daman & Diu,2021,1,Daman District,117728,2573284
Dadra & Nagar Haveli & Daman & Diu,2021,1,Dadra And Nagar Haveli District,192262,4572539
Dadra & Nagar Haveli & Daman & Diu,2020,1,Diu District,7912,98466
Dadra & Nagar Haveli & Daman & Diu,2020,1,Daman District,80329,1550484
Dadra & Nagar Haveli & Daman & Diu,2020,1,Dadra And Nagar Haveli District,130255,2546172
Dadra & Nagar Haveli & Daman & Diu,2018,1,Diu District,2553,0
Dadra & Nagar Haveli & Daman & Diu,2018,1,Daman District,18677,0
Dadra & Nagar Haveli & Daman & Diu,2018,1,Dadra And Nagar Haveli District,32028,0
Ladakh,2022,1,Kargil District,21319,2837111
Ladakh,2022,1,Leh Ladakh District,71173,6064969
Ladakh,2024,1,Kargil District,30130,6486511
Ladakh,2024,1,Leh Ladakh District,99940,10016564
Ladakh,2023,1,Kargil District,25409,4076993
Ladakh,2023,1,Leh Ladakh District,85582,10445502
Ladakh,2019,1,Kargil District,5758,0
Ladakh,2019,1,Leh Ladakh District,23891,0
Ladakh,2021,1,Kargil District,15824,237045
Ladakh,2021,1,Leh Ladakh District,54095,947159
Ladakh,2020,1,Kargil District,9711,120845
Ladakh,2020,1,Leh Ladakh District,38079,469639
Ladakh,2018,1,Kargil District,1529,0
Ladakh,2018,1,Leh Ladakh District,7255,0
Assam,2022,1,Tinsukia District,179301,20168560
Assam,2022,1,Lakhimpur District,120220,15015691
Assam,2022,1,Kamrup District,198189,11459793
Assam,2022,1,Kokrajhar District,82364,8229125
Assam,2022,1,Karbi Anglong District,78533,9256671
Assam,2022,1,Sivasagar District,102281,5349801
Assam,2022,1,Dibrugarh District,210525,15363717
Assam,2022,1,South Salmara Mancachar District,38302,1898232
Assam,2022,1,Nagaon District,268636,11824798
Assam,2022,1,Dhubri District,137698,6835888
Assam,2022,1,Golaghat District,133110,12987090
Assam,2022,1,Udalguri District,78818,11725654
Assam,2022,1,Majuli District,18571,2645019
Assam,2022,1,Sonitpur District,211236,14366935
Assam,2022,1,Hojai District,86278,8113783
Assam,2022,1,Marigaon District,118114,5848484
Assam,2022,1,Chirang District,49100,7852843
Assam,2022,1,Cachar District,230089,8410193
Assam,2022,1,Nalbari District,91599,5171677
Assam,2022,1,West Karbi Anglong District,17520,3151993
Assam,2022,1,Dhemaji District,92508,9664135
Assam,2022,1,Karimganj District,121183,7177971
Assam,2022,1,Bongaigaon District,108394,6969226
Assam,2022,1,Dima Hasao District,32525,4510020
Assam,2022,1,Baksa District,101877,10310341
Assam,2022,1,Charaideo District,54795,6254195
Assam,2022,1,Darrang District,96249,7704843
Assam,2022,1,Kamrup Metropolitan District,767859,6949354
Assam,2022,1,Hailakandi District,77112,4118477
Assam,2022,1,Barpeta District,238871,10253994
Assam,2022,1,Goalpara District,123781,7889994
Assam,2022,1,Biswanath District,72362,7739432
Assam,2022,1,Jorhat District,154589,6424524
Assam,2024,1,Tinsukia District,259521,75625342
Assam,2024,1,Lakhimpur District,174858,63843235
Assam,2024,1,Kamrup District,288710,59228124
Assam,2024,1,Kokrajhar District,119832,62681868
Assam,2024,1,Karbi Anglong District,113975,54040626
Assam,2024,1,Sivasagar District,148391,20282086
Assam,2024,1,Dibrugarh District,302007,77309972
Assam,2024,1,South Salmara Mancachar District,57194,18895857
Assam,2024,1,Nagaon District,392625,55499880
Assam,2024,1,Dhubri District,202576,52440370
Assam,2024,1,Golaghat District,192763,54373052
Assam,2024,1,Udalguri District,114587,54113310
Assam,2024,1,Majuli District,26866,8243521
Assam,2024,1,Sonitpur District,304871,84734829
Assam,2024,1,Hojai District,125540,25830605
Assam,2024,1,Marigaon District,172898,27046236
Assam,2024,1,Chirang District,71942,55257707
Assam,2024,1,Cachar District,334056,37836069
Assam,2024,1,Nalbari District,132565,32555304
Assam,2024,1,West Karbi Anglong District,25513,23706345
Assam,2024,1,Dhemaji District,134064,43777795
Assam,2024,1,Karimganj District,176626,36115766
Assam,2024,1,Bongaigaon District,158662,21517242
Assam,2024,1,Dima Hasao District,46923,33236522
Assam,2024,1,Baksa District,148269,39200088
Assam,2024,1,Charaideo District,79777,12151050
Assam,2024,1,Darrang District,141177,52972649
Assam,2024,1,Kamrup Metropolitan District,1092571,18531284
Assam,2024,1,Hailakandi District,112961,24561651
Assam,2024,1,Barpeta District,348707,47535673
Assam,2024,1,Goalpara District,182003,36199591
Assam,2024,1,Biswanath District,105545,44686035
Assam,2024,1,Jorhat District,221581,26979648
Assam,2023,1,Tinsukia District,219077,40115013
Assam,2023,1,Lakhimpur District,146560,30457042
Assam,2023,1,Kamrup District,242982,26113435
Assam,2023,1,Kokrajhar District,100303,19872351
Assam,2023,1,Karbi Anglong District,95739,19148924
Assam,2023,1,Sivasagar District,124732,10615221
Assam,2023,1,Dibrugarh District,256050,30073892
Assam,2023,1,South Salmara Mancachar District,47683,6127028
Assam,2023,1,Nagaon District,330283,20574666
Assam,2023,1,Dhubri District,170279,18132442
Assam,2023,1,Golaghat District,161948,26574993
Assam,2023,1,Udalguri District,95812,23871398
Assam,2023,1,Majuli District,22458,5992451
Assam,2023,1,Sonitpur District,258067,30546943
Assam,2023,1,Hojai District,105945,13898317
Assam,2023,1,Marigaon District,144934,10945875
Assam,2023,1,Chirang District,60134,19619538
Assam,2023,1,Cachar District,282643,19883444
Assam,2023,1,Nalbari District,111929,12159155
Assam,2023,1,West Karbi Anglong District,21265,6408483
Assam,2023,1,Dhemaji District,112754,19705203
Assam,2023,1,Karimganj District,148828,15817111
Assam,2023,1,Bongaigaon District,133489,13993373
Assam,2023,1,Dima Hasao District,39528,9959440
Assam,2023,1,Baksa District,124070,25692141
Assam,2023,1,Charaideo District,66846,14369720
Assam,2023,1,Darrang District,118372,18138646
Assam,2023,1,Kamrup Metropolitan District,938802,9200094
Assam,2023,1,Hailakandi District,95220,8693542
Assam,2023,1,Barpeta District,294210,20512705
Assam,2023,1,Goalpara District,152321,14570317
Assam,2023,1,Biswanath District,88588,15699577
Assam,2023,1,Jorhat District,187799,12693841
Assam,2019,1,Tinsukia District,51108,0
Assam,2019,1,Lakhimpur District,31154,0
Assam,2019,1,Kamrup District,54910,0
Assam,2019,1,Kokrajhar District,21029,0
Assam,2019,1,Karbi Anglong District,20131,0
Assam,2019,1,Sivasagar District,28059,0
Assam,2019,1,Dibrugarh District,62656,0
Assam,2019,1,South Salmara Mancachar District,8674,0
Assam,2019,1,Nagaon District,66306,0
Assam,2019,1,Dhubri District,36652,0
Assam,2019,1,Golaghat District,34918,0
Assam,2019,1,Udalguri District,19336,0
Assam,2019,1,Majuli District,4861,0
Assam,2019,1,Sonitpur District,62218,0
Assam,2019,1,Hojai District,23708,0
Assam,2019,1,Marigaon District,26319,0
Assam,2019,1,Chirang District,11867,0
Assam,2019,1,Cachar District,64241,0
Assam,2019,1,Nalbari District,24925,0
Assam,2019,1,West Karbi Anglong District,3720,0
Assam,2019,1,Dhemaji District,24052,0
Assam,2019,1,Karimganj District,29208,0
Assam,2019,1,Bongaigaon District,29773,0
Assam,2019,1,Dima Hasao District,7915,0
Assam,2019,1,Baksa District,24926,0
Assam,2019,1,Charaideo District,15161,0
Assam,2019,1,Darrang District,27070,0
Assam,2019,1,Kamrup Metropolitan District,255112,0
Assam,2019,1,Hailakandi District,20697,0
Assam,2019,1,Barpeta District,67729,0
Assam,2019,1,Goalpara District,33006,0
Assam,2019,1,Biswanath District,19050,0
Assam,2019,1,Jorhat District,48594,0
Assam,2021,1,Tinsukia District,134067,2143049
Assam,2021,1,Lakhimpur District,89104,1325230
Assam,2021,1,Kamrup District,147671,2614237
Assam,2021,1,Kokrajhar District,60046,1036755
Assam,2021,1,Karbi Anglong District,58026,956752
Assam,2021,1,Sivasagar District,76308,1075274
Assam,2021,1,Dibrugarh District,158509,2426854
Assam,2021,1,South Salmara Mancachar District,28055,607318
Assam,2021,1,Nagaon District,200243,2994542
Assam,2021,1,Dhubri District,101643,1703849
Assam,2021,1,Golaghat District,98520,1406442
Assam,2021,1,Udalguri District,57387,831716
Assam,2021,1,Majuli District,13653,176811
Assam,2021,1,Sonitpur District,158555,2787968
Assam,2021,1,Hojai District,64551,1015612
Assam,2021,1,Marigaon District,87679,1270339
Assam,2021,1,Chirang District,35753,592778
Assam,2021,1,Cachar District,172056,2636232
Assam,2021,1,Nalbari District,68299,956420
Assam,2021,1,West Karbi Anglong District,12746,194808
Assam,2021,1,Dhemaji District,68744,1087691
Assam,2021,1,Karimganj District,89969,1410799
Assam,2021,1,Bongaigaon District,80711,1460791
Assam,2021,1,Dima Hasao District,24303,430143
Assam,2021,1,Baksa District,74652,1191235
Assam,2021,1,Charaideo District,40563,604727
Assam,2021,1,Darrang District,71026,1138633
Assam,2021,1,Kamrup Metropolitan District,589688,11775050
Assam,2021,1,Hailakandi District,57052,926680
Assam,2021,1,Barpeta District,177789,3597728
Assam,2021,1,Goalpara District,91082,1791107
Assam,2021,1,Biswanath District,53382,909069
Assam,2021,1,Jorhat District,116616,1675725
Assam,2020,1,Tinsukia District,86763,1282869
Assam,2020,1,Lakhimpur District,56008,785121
Assam,2020,1,Kamrup District,95973,1613524
Assam,2020,1,Kokrajhar District,36818,569117
Assam,2020,1,Karbi Anglong District,35507,514264
Assam,2020,1,Sivasagar District,49024,644624
Assam,2020,1,Dibrugarh District,104663,1399074
Assam,2020,1,South Salmara Mancachar District,16486,297348
Assam,2020,1,Nagaon District,129371,1719084
Assam,2020,1,Dhubri District,62477,923560
Assam,2020,1,Golaghat District,62401,835307
Assam,2020,1,Udalguri District,35735,504891
Assam,2020,1,Majuli District,8656,118586
Assam,2020,1,Sonitpur District,105050,1716133
Assam,2020,1,Hojai District,41444,575026
Assam,2020,1,Marigaon District,59197,772607
Assam,2020,1,Chirang District,21489,347015
Assam,2020,1,Cachar District,111470,1644803
Assam,2020,1,Nalbari District,44217,630077
Assam,2020,1,West Karbi Anglong District,7470,109574
Assam,2020,1,Dhemaji District,43124,632345
Assam,2020,1,Karimganj District,54439,737148
Assam,2020,1,Bongaigaon District,51420,810199
Assam,2020,1,Dima Hasao District,14831,249950
Assam,2020,1,Baksa District,46215,701915
Assam,2020,1,Charaideo District,26316,377000
Assam,2020,1,Darrang District,45755,657310
Assam,2020,1,Kamrup Metropolitan District,412013,6969131
Assam,2020,1,Hailakandi District,36398,486497
Assam,2020,1,Barpeta District,116286,2018667
Assam,2020,1,Goalpara District,56285,932263
Assam,2020,1,Biswanath District,33906,505636
Assam,2020,1,Jorhat District,78731,1017227
Assam,2018,1,Tinsukia District,15998,0
Assam,2018,1,Lakhimpur District,8143,0
Assam,2018,1,Kamrup District,15241,0
Assam,2018,1,Kokrajhar District,6566,0
Assam,2018,1,Karbi Anglong District,5694,0
Assam,2018,1,Sivasagar District,8292,0
Assam,2018,1,Dibrugarh District,21182,0
Assam,2018,1,South Salmara Mancachar District,2420,0
Assam,2018,1,Nagaon District,19619,0
Assam,2018,1,Dhubri District,11421,0
Assam,2018,1,Golaghat District,10102,0
Assam,2018,1,Udalguri District,4768,0
Assam,2018,1,Majuli District,1274,0
Assam,2018,1,Sonitpur District,18986,0
Assam,2018,1,Hojai District,7571,0
Assam,2018,1,Marigaon District,7193,0
Assam,2018,1,Chirang District,3487,0
Assam,2018,1,Cachar District,19567,0
Assam,2018,1,Nalbari District,6874,0
Assam,2018,1,West Karbi Anglong District,835,0
Assam,2018,1,Dhemaji District,6623,0
Assam,2018,1,Karimganj District,7367,0
Assam,2018,1,Bongaigaon District,9724,0
Assam,2018,1,Dima Hasao District,2245,0
Assam,2018,1,Baksa District,6082,0
Assam,2018,1,Charaideo District,4366,0
Assam,2018,1,Darrang District,8050,0
Assam,2018,1,Kamrup Metropolitan District,87336,0
Assam,2018,1,Hailakandi District,5700,0
Assam,2018,1,Barpeta District,20485,0
Assam,2018,1,Goalpara District,10420,0
Assam,2018,1,Biswanath District,5164,0
Assam,2018,1,Jorhat District,16442,0
Meghalaya,2022,1,North Garo Hills District,8795,1305426
Meghalaya,2022,1,South West Khasi Hills District,2130,919454
Meghalaya,2022,1,West Garo Hills District,55028,5145619
Meghalaya,2022,1,South Garo Hills District,7508,1362153
Meghalaya,2022,1,East Jaintia Hills District,18301,2282567
Meghalaya,2022,1,South West Garo Hills District,8758,1573185
Meghalaya,2022,1,East Khasi Hills District,102838,3580903
Meghalaya,2022,1,East Garo Hills District,8578,1693715
Meghalaya,2022,1,Ribhoi District,25112,2465091
Meghalaya,2022,1,West Jaintia Hills District,11952,1483829
Meghalaya,2022,1,West Khasi Hills District,6839,1822164
Meghalaya,2024,1,North Garo Hills District,12685,7512912
Meghalaya,2024,1,South West Khasi Hills District,2998,55963720
Meghalaya,2024,1,West Garo Hills District,79443,45427673
Meghalaya,2024,1,South Garo Hills District,10792,7841254
Meghalaya,2024,1,East Jaintia Hills District,26338,10600995
Meghalaya,2024,1,South West Garo Hills District,12769,15329168
Meghalaya,2024,1,East Khasi Hills District,145281,19716748
Meghalaya,2024,1,East Garo Hills District,12249,12407008
Meghalaya,2024,1,Ribhoi District,36099,13654154
Meghalaya,2024,1,West Jaintia Hills District,17113,6950419
Meghalaya,2024,1,West Khasi Hills District,9685,11724716
Meghalaya,2023,1,North Garo Hills District,10580,1741732
Meghalaya,2023,1,South West Khasi Hills District,2429,1569432
Meghalaya,2023,1,West Garo Hills District,66808,8814912
Meghalaya,2023,1,South Garo Hills District,8897,3233097
Meghalaya,2023,1,East Jaintia Hills District,22122,4590552
Meghalaya,2023,1,South West Garo Hills District,10504,2096173
Meghalaya,2023,1,East Khasi Hills District,124181,6379175
Meghalaya,2023,1,East Garo Hills District,10235,4334534
Meghalaya,2023,1,Ribhoi District,30369,6094267
Meghalaya,2023,1,West Jaintia Hills District,14218,2830443
Meghalaya,2023,1,West Khasi Hills District,7981,3002602
Meghalaya,2019,1,North Garo Hills District,1482,0
Meghalaya,2019,1,South West Khasi Hills District,329,0
Meghalaya,2019,1,West Garo Hills District,12932,0
Meghalaya,2019,1,South Garo Hills District,1296,0
Meghalaya,2019,1,East Jaintia Hills District,4643,0
Meghalaya,2019,1,South West Garo Hills District,1434,0
Meghalaya,2019,1,East Khasi Hills District,27937,0
Meghalaya,2019,1,East Garo Hills District,1424,0
Meghalaya,2019,1,Ribhoi District,6543,0
Meghalaya,2019,1,West Jaintia Hills District,2276,0
Meghalaya,2019,1,West Khasi Hills District,1191,0
Meghalaya,2021,1,North Garo Hills District,6392,87414
Meghalaya,2021,1,South West Khasi Hills District,1479,25803
Meghalaya,2021,1,West Garo Hills District,40993,624759
Meghalaya,2021,1,South Garo Hills District,5439,81330
Meghalaya,2021,1,East Jaintia Hills District,13460,304466
Meghalaya,2021,1,South West Garo Hills District,6276,81312
Meghalaya,2021,1,East Khasi Hills District,78429,1079909
Meghalaya,2021,1,East Garo Hills District,6237,84371
Meghalaya,2021,1,Ribhoi District,18641,402509
Meghalaya,2021,1,West Jaintia Hills District,8665,98578
Meghalaya,2021,1,West Khasi Hills District,4858,68575
Meghalaya,2020,1,North Garo Hills District,3311,45211
Meghalaya,2020,1,South West Khasi Hills District,724,14636
Meghalaya,2020,1,West Garo Hills District,24124,338577
Meghalaya,2020,1,South Garo Hills District,2810,43923
Meghalaya,2020,1,East Jaintia Hills District,8368,174603
Meghalaya,2020,1,South West Garo Hills District,3234,50775
Meghalaya,2020,1,East Khasi Hills District,49251,671640
Meghalaya,2020,1,East Garo Hills District,3251,47574
Meghalaya,2020,1,Ribhoi District,11689,234367
Meghalaya,2020,1,West Jaintia Hills District,4530,59509
Meghalaya,2020,1,West Khasi Hills District,2522,35396
Meghalaya,2018,1,North Garo Hills District,254,0
Meghalaya,2018,1,South West Khasi Hills District,55,0
Meghalaya,2018,1,West Garo Hills District,3671,0
Meghalaya,2018,1,South Garo Hills District,343,0
Meghalaya,2018,1,East Jaintia Hills District,1419,0
Meghalaya,2018,1,South West Garo Hills District,299,0
Meghalaya,2018,1,East Khasi Hills District,9310,0
Meghalaya,2018,1,East Garo Hills District,236,0
Meghalaya,2018,1,Ribhoi District,1891,0
Meghalaya,2018,1,West Jaintia Hills District,736,0
Meghalaya,2018,1,West Khasi Hills District,299,0
Uttarakhand,2022,1,Udham Singh Nagar District,647495,9927344
Uttarakhand,2022,1,Haridwar District,760173,11480579
Uttarakhand,2022,1,Almora District,117262,9511833
Uttarakhand,2022,1,Pithoragarh District,96837,8077163
Uttarakhand,2022,1,Rudraprayag District,48532,4083418
Uttarakhand,2022,1,Pauri Garhwal District,177248,14052401
Uttarakhand,2022,1,Bageshwar District,45938,4803646
Uttarakhand,2022,1,Champawat District,53166,4736664
Uttarakhand,2022,1,Nainital District,351226,10583932
Uttarakhand,2022,1,Dehradun District,1088710,14847429
Uttarakhand,2022,1,Chamoli District,84165,7610104
Uttarakhand,2022,1,Uttarkashi District,67713,6453267
Uttarakhand,2022,1,Tehri Garhwal District,136364,9056602
Uttarakhand,2024,1,Udham Singh Nagar District,926596,35634255
Uttarakhand,2024,1,Haridwar District,1079967,22537385
Uttarakhand,2024,1,Almora District,166660,24825590
Uttarakhand,2024,1,Pithoragarh District,138218,25156924
Uttarakhand,2024,1,Rudraprayag District,69176,8589411
Uttarakhand,2024,1,Pauri Garhwal District,251419,24958805
Uttarakhand,2024,1,Bageshwar District,65847,9608889
Uttarakhand,2024,1,Champawat District,76540,12143827
Uttarakhand,2024,1,Nainital District,495055,23443904
Uttarakhand,2024,1,Dehradun District,1521402,21535874
Uttarakhand,2024,1,Chamoli District,120266,26371050
Uttarakhand,2024,1,Uttarkashi District,97077,14865923
Uttarakhand,2024,1,Tehri Garhwal District,194028,15140912
Uttarakhand,2023,1,Udham Singh Nagar District,792853,14358663
Uttarakhand,2023,1,Haridwar District,928785,17263483
Uttarakhand,2023,1,Almora District,140885,16003317
Uttarakhand,2023,1,Pithoragarh District,117070,15023589
Uttarakhand,2023,1,Rudraprayag District,58721,6295493
Uttarakhand,2023,1,Pauri Garhwal District,213655,23415690
Uttarakhand,2023,1,Bageshwar District,55410,7332605
Uttarakhand,2023,1,Champawat District,64508,7722774
Uttarakhand,2023,1,Nainital District,425816,17152701
Uttarakhand,2023,1,Dehradun District,1318049,17522945
Uttarakhand,2023,1,Chamoli District,101718,12728941
Uttarakhand,2023,1,Uttarkashi District,82107,11191622
Uttarakhand,2023,1,Tehri Garhwal District,164792,15726870
Uttarakhand,2019,1,Udham Singh Nagar District,238514,0
Uttarakhand,2019,1,Haridwar District,262411,0
Uttarakhand,2019,1,Almora District,33092,0
Uttarakhand,2019,1,Pithoragarh District,26621,0
Uttarakhand,2019,1,Rudraprayag District,12967,0
Uttarakhand,2019,1,Pauri Garhwal District,56173,0
Uttarakhand,2019,1,Bageshwar District,12260,0
Uttarakhand,2019,1,Champawat District,15679,0
Uttarakhand,2019,1,Nainital District,118824,0
Uttarakhand,2019,1,Dehradun District,369578,0
Uttarakhand,2019,1,Chamoli District,23274,0
Uttarakhand,2019,1,Uttarkashi District,17873,0
Uttarakhand,2019,1,Tehri Garhwal District,37689,0
Uttarakhand,2021,1,Udham Singh Nagar District,492646,9428732
Uttarakhand,2021,1,Haridwar District,580532,13357801
Uttarakhand,2021,1,Almora District,87354,1315830
Uttarakhand,2021,1,Pithoragarh District,72579,1110149
Uttarakhand,2021,1,Rudraprayag District,36234,579475
Uttarakhand,2021,1,Pauri Garhwal District,133484,2364521
Uttarakhand,2021,1,Bageshwar District,34317,507210
Uttarakhand,2021,1,Champawat District,39747,598839
Uttarakhand,2021,1,Nainital District,269308,5003855
Uttarakhand,2021,1,Dehradun District,840361,21152787
Uttarakhand,2021,1,Chamoli District,62779,1060621
Uttarakhand,2021,1,Uttarkashi District,50696,877255
Uttarakhand,2021,1,Tehri Garhwal District,102085,1925185
Uttarakhand,2020,1,Udham Singh Nagar District,351112,5680060
Uttarakhand,2020,1,Haridwar District,408768,7742684
Uttarakhand,2020,1,Almora District,55964,654844
Uttarakhand,2020,1,Pithoragarh District,46554,578620
Uttarakhand,2020,1,Rudraprayag District,23316,313705
Uttarakhand,2020,1,Pauri Garhwal District,90270,1126535
Uttarakhand,2020,1,Bageshwar District,21756,240952
Uttarakhand,2020,1,Champawat District,25824,318138
Uttarakhand,2020,1,Nainital District,186948,2555070
Uttarakhand,2020,1,Dehradun District,593420,11517755
Uttarakhand,2020,1,Chamoli District,40668,535854
Uttarakhand,2020,1,Uttarkashi District,32713,466273
Uttarakhand,2020,1,Tehri Garhwal District,66293,900775
Uttarakhand,2018,1,Udham Singh Nagar District,100236,0
Uttarakhand,2018,1,Haridwar District,104823,0
Uttarakhand,2018,1,Almora District,11367,0
Uttarakhand,2018,1,Pithoragarh District,8836,0
Uttarakhand,2018,1,Rudraprayag District,4263,0
Uttarakhand,2018,1,Pauri Garhwal District,20425,0
Uttarakhand,2018,1,Bageshwar District,4231,0
Uttarakhand,2018,1,Champawat District,5442,0
Uttarakhand,2018,1,Nainital District,49083,0
Uttarakhand,2018,1,Dehradun District,147998,0
Uttarakhand,2018,1,Chamoli District,7493,0
Uttarakhand,2018,1,Uttarkashi District,5816,0
Uttarakhand,2018,1,Tehri Garhwal District,13030,0
Puducherry,2022,1,Karaikal District,44201,667015
Puducherry,2022,1,Puducherry District,375238,2813406
Puducherry,2022,1,Yanam District,16747,383417
Puducherry,2022,1,Mahe District,11865,74819
Puducherry,2024,1,Karaikal District,62687,1179102
Puducherry,2024,1,Puducherry District,528736,1904594
Puducherry,2024,1,Yanam District,23967,127910
Puducherry,2024,1,Mahe District,16273,87395
Puducherry,2023,1,Karaikal District,53685,847974
Puducherry,2023,1,Puducherry District,455449,2294926
Puducherry,2023,1,Yanam District,20481,289219
Puducherry,2023,1,Mahe District,14204,66310
Puducherry,2019,1,Karaikal District,11549,0
Puducherry,2019,1,Puducherry District,112798,0
Puducherry,2019,1,Yanam District,5814,0
Puducherry,2019,1,Mahe District,2898,0
Puducherry,2021,1,Karaikal District,33876,582052
Puducherry,2021,1,Puducherry District,290107,6568964
Puducherry,2021,1,Yanam District,13005,612423
Puducherry,2021,1,Mahe District,9291,151068
Puducherry,2020,1,Karaikal District,20775,261910
Puducherry,2020,1,Puducherry District,195398,3223716
Puducherry,2020,1,Yanam District,9266,278779
Puducherry,2020,1,Mahe District,5469,56538
Puducherry,2018,1,Karaikal District,3628,0
Puducherry,2018,1,Puducherry District,42117,0
Puducherry,2018,1,Yanam District,2500,0
Puducherry,2018,1,Mahe District,1073,0
Bihar,2022,1,Madhepura District,280094,5631100
Bihar,2022,1,Purnia District,504801,13394323
Bihar,2022,1,Nalanda District,563049,6429261
Bihar,2022,1,Buxar District,263663,4013615
Bihar,2022,1,Darbhanga District,669850,8376582
Bihar,2022,1,Nawada District,328635,7249380
Bihar,2022,1,Jamui District,252094,12753539
Bihar,2022,1,Sheikhpura District,95718,1962184
Bihar,2022,1,Siwan District,589829,6109801
Bihar,2022,1,Muzaffarpur District,962924,10684936
Bihar,2022,1,Patna District,2443356,16131828
Bihar,2022,1,Jehanabad District,181455,2562072
Bihar,2022,1,Rohtas District,537701,10913805
Bihar,2022,1,Begusarai District,493845,6652256
Bihar,2022,1,Supaul District,313291,8832097
Bihar,2022,1,Sitamarhi District,461979,6415453
Bihar,2022,1,Saran District,673849,8000740
Bihar,2022,1,Arwal District,101813,1461593
Bihar,2022,1,Vaishali District,614159,5793084
Bihar,2022,1,Pashchim Champaran District,692182,17528649
Bihar,2022,1,Gopalganj District,461794,5928935
Bihar,2022,1,Lakhisarai District,156781,3371253
Bihar,2022,1,Aurangabad District,405254,13452704
Bihar,2022,1,Kaimur Bhabua District,223072,6887444
Bihar,2022,1,Araria District,370029,11889342
Bihar,2022,1,Munger District,250357,3394719
Bihar,2022,1,Katihar District,438584,12011467
Bihar,2022,1,Khagaria District,239286,6257649
Bihar,2022,1,Saharsa District,301372,6799845
Bihar,2022,1,Bhagalpur District,610174,7091019
Bihar,2022,1,Madhubani District,672303,11335634
Bihar,2022,1,Kishanganj District,216915,8983771
Bihar,2022,1,Gaya District,769265,19954254
Bihar,2022,1,Samastipur District,672508,8256538
Bihar,2022,1,Banka District,231228,10552229
Bihar,2022,1,Purbi Champaran District,912427,13051699
Bihar,2022,1,Sheohar District,78832,1090835
Bihar,2022,1,Bhojpur District,450190,5785964
Bihar,2024,1,Madhepura District,407185,13008658
Bihar,2024,1,Purnia District,732608,52326346
Bihar,2024,1,Nalanda District,814591,10704620
Bihar,2024,1,Buxar District,382288,9453600
Bihar,2024,1,Darbhanga District,967610,17828206
Bihar,2024,1,Nawada District,477300,26832755
Bihar,2024,1,Jamui District,365481,55050903
Bihar,2024,1,Sheikhpura District,138218,14498681
Bihar,2024,1,Siwan District,859890,10195112
Bihar,2024,1,Muzaffarpur District,1391427,16114690
Bihar,2024,1,Patna District,3464540,37700218
Bihar,2024,1,Jehanabad District,263504,9142159
Bihar,2024,1,Rohtas District,782784,28380666
Bihar,2024,1,Begusarai District,713349,14833585
Bihar,2024,1,Supaul District,453594,35706039
Bihar,2024,1,Sitamarhi District,673400,15572119
Bihar,2024,1,Saran District,983188,10271780
Bihar,2024,1,Arwal District,148277,2053615
Bihar,2024,1,Vaishali District,891651,12100635
Bihar,2024,1,Pashchim Champaran District,1011106,46613290
Bihar,2024,1,Gopalganj District,672897,8550302
Bihar,2024,1,Lakhisarai District,226156,7013930
Bihar,2024,1,Aurangabad District,589768,31253531
Bihar,2024,1,Kaimur Bhabua District,324867,22183777
Bihar,2024,1,Araria District,537719,43922371
Bihar,2024,1,Munger District,360745,19515309
Bihar,2024,1,Katihar District,639228,44880787
Bihar,2024,1,Khagaria District,350637,23867485
Bihar,2024,1,Saharsa District,437160,21477072
Bihar,2024,1,Bhagalpur District,884051,26681869
Bihar,2024,1,Madhubani District,975263,18422744
Bihar,2024,1,Kishanganj District,313785,33532524
Bihar,2024,1,Gaya District,1110224,84570564
Bihar,2024,1,Samastipur District,980091,12197383
Bihar,2024,1,Banka District,335304,66279590
Bihar,2024,1,Purbi Champaran District,1335289,18059744
Bihar,2024,1,Sheohar District,115405,1574382
Bihar,2024,1,Bhojpur District,654621,22857308
Bihar,2023,1,Madhepura District,345865,8279792
Bihar,2023,1,Purnia District,622840,18905690
Bihar,2023,1,Nalanda District,694505,9017774
Bihar,2023,1,Buxar District,324669,6811404
Bihar,2023,1,Darbhanga District,824935,10454188
Bihar,2023,1,Nawada District,405472,10553757
Bihar,2023,1,Jamui District,309995,27821638
Bihar,2023,1,Sheikhpura District,117596,3131992
Bihar,2023,1,Siwan District,730485,4846823
Bihar,2023,1,Muzaffarpur District,1186500,10142290
Bihar,2023,1,Patna District,2988174,16984542
Bihar,2023,1,Jehanabad District,223724,3888371
Bihar,2023,1,Rohtas District,664779,16294413
Bihar,2023,1,Begusarai District,608446,8882232
Bihar,2023,1,Supaul District,385797,15750177
Bihar,2023,1,Sitamarhi District,571721,9475785
Bihar,2023,1,Saran District,834739,8776794
Bihar,2023,1,Arwal District,125818,1371277
Bihar,2023,1,Vaishali District,758603,6119538
Bihar,2023,1,Pashchim Champaran District,858644,24726372
Bihar,2023,1,Gopalganj District,571551,8170762
Bihar,2023,1,Lakhisarai District,192835,4773174
Bihar,2023,1,Aurangabad District,499993,18001340
Bihar,2023,1,Kaimur Bhabua District,274984,11025721
Bihar,2023,1,Araria District,456566,19513544
Bihar,2023,1,Munger District,307956,6203321
Bihar,2023,1,Katihar District,542563,19687089
Bihar,2023,1,Khagaria District,296763,9404441
Bihar,2023,1,Saharsa District,372270,11827219
Bihar,2023,1,Bhagalpur District,752449,11640722
Bihar,2023,1,Madhubani District,828561,11724016
Bihar,2023,1,Kishanganj District,266604,14874504
Bihar,2023,1,Gaya District,946050,29725833
Bihar,2023,1,Samastipur District,832148,8955924
Bihar,2023,1,Banka District,284021,21381203
Bihar,2023,1,Purbi Champaran District,1133269,15646743
Bihar,2023,1,Sheohar District,97787,1837447
Bihar,2023,1,Bhojpur District,556334,9258708
Bihar,2019,1,Madhepura District,75876,0
Bihar,2019,1,Purnia District,141631,0
Bihar,2019,1,Nalanda District,189924,0
Bihar,2019,1,Buxar District,81116,0
Bihar,2019,1,Darbhanga District,202521,0
Bihar,2019,1,Nawada District,94644,0
Bihar,2019,1,Jamui District,70521,0
Bihar,2019,1,Sheikhpura District,29154,0
Bihar,2019,1,Siwan District,160063,0
Bihar,2019,1,Muzaffarpur District,309416,0
Bihar,2019,1,Patna District,964432,0
Bihar,2019,1,Jehanabad District,56497,0
Bihar,2019,1,Rohtas District,174877,0
Bihar,2019,1,Begusarai District,155497,0
Bihar,2019,1,Supaul District,86568,0
Bihar,2019,1,Sitamarhi District,132501,0
Bihar,2019,1,Saran District,197928,0
Bihar,2019,1,Arwal District,32098,0
Bihar,2019,1,Vaishali District,189344,0
Bihar,2019,1,Pashchim Champaran District,197074,0
Bihar,2019,1,Gopalganj District,125180,0
Bihar,2019,1,Lakhisarai District,50294,0
Bihar,2019,1,Aurangabad District,123845,0
Bihar,2019,1,Kaimur Bhabua District,66307,0
Bihar,2019,1,Araria District,95297,0
Bihar,2019,1,Munger District,84548,0
Bihar,2019,1,Katihar District,124680,0
Bihar,2019,1,Khagaria District,70139,0
Bihar,2019,1,Saharsa District,88171,0
Bihar,2019,1,Bhagalpur District,195057,0
Bihar,2019,1,Madhubani District,195036,0
Bihar,2019,1,Kishanganj District,54620,0
Bihar,2019,1,Gaya District,245773,0
Bihar,2019,1,Samastipur District,204544,0
Bihar,2019,1,Banka District,62041,0
Bihar,2019,1,Purbi Champaran District,252394,0
Bihar,2019,1,Sheohar District,21941,0
Bihar,2019,1,Bhojpur District,143568,0
Bihar,2021,1,Madhepura District,210098,5733055
Bihar,2021,1,Purnia District,378977,9959158
Bihar,2021,1,Nalanda District,426419,9874574
Bihar,2021,1,Buxar District,198162,4019635
Bihar,2021,1,Darbhanga District,506381,13818215
Bihar,2021,1,Nawada District,246611,5920314
Bihar,2021,1,Jamui District,188350,4697229
Bihar,2021,1,Sheikhpura District,72003,1414389
Bihar,2021,1,Siwan District,444057,11680516
Bihar,2021,1,Muzaffarpur District,728384,19666044
Bihar,2021,1,Patna District,1881439,47764472
Bihar,2021,1,Jehanabad District,137074,3267649
Bihar,2021,1,Rohtas District,404078,9482678
Bihar,2021,1,Begusarai District,373508,8444119
Bihar,2021,1,Supaul District,235215,6222688
Bihar,2021,1,Sitamarhi District,346031,8319923
Bihar,2021,1,Saran District,507177,13238238
Bihar,2021,1,Arwal District,76552,1906173
Bihar,2021,1,Vaishali District,463655,12207307
Bihar,2021,1,Pashchim Champaran District,517219,14874230
Bihar,2021,1,Gopalganj District,346929,8794900
Bihar,2021,1,Lakhisarai District,118141,2781792
Bihar,2021,1,Aurangabad District,303541,8312272
Bihar,2021,1,Kaimur Bhabua District,166313,3499932
Bihar,2021,1,Araria District,276798,7141525
Bihar,2021,1,Munger District,190196,4044233
Bihar,2021,1,Katihar District,328252,9357558
Bihar,2021,1,Khagaria District,178859,4898855
Bihar,2021,1,Saharsa District,226755,6552751
Bihar,2021,1,Bhagalpur District,462764,10257098
Bihar,2021,1,Madhubani District,506293,14033961
Bihar,2021,1,Kishanganj District,161635,4008897
Bihar,2021,1,Gaya District,581376,15207460
Bihar,2021,1,Samastipur District,505806,12818876
Bihar,2021,1,Banka District,172220,3321178
Bihar,2021,1,Purbi Champaran District,681660,19530766
Bihar,2021,1,Sheohar District,58746,1479515
Bihar,2021,1,Bhojpur District,338614,7240433
Bihar,2020,1,Madhepura District,131288,2779090
Bihar,2020,1,Purnia District,242090,4711378
Bihar,2020,1,Nalanda District,294598,5753080
Bihar,2020,1,Buxar District,133361,2220858
Bihar,2020,1,Darbhanga District,332707,6533155
Bihar,2020,1,Nawada District,161254,2976524
Bihar,2020,1,Jamui District,122675,2351813
Bihar,2020,1,Sheikhpura District,47727,748146
Bihar,2020,1,Siwan District,282776,5423334
Bihar,2020,1,Muzaffarpur District,498548,10158674
Bihar,2020,1,Patna District,1397342,29138373
Bihar,2020,1,Jehanabad District,92507,1843624
Bihar,2020,1,Rohtas District,278266,5408871
Bihar,2020,1,Begusarai District,251505,4096955
Bihar,2020,1,Supaul District,150088,3060872
Bihar,2020,1,Sitamarhi District,223782,4152826
Bihar,2020,1,Saran District,335039,6473239
Bihar,2020,1,Arwal District,51903,1056195
Bihar,2020,1,Vaishali District,312949,6407440
Bihar,2020,1,Pashchim Champaran District,334931,7590869
Bihar,2020,1,Gopalganj District,221572,4126460
Bihar,2020,1,Lakhisarai District,80730,1474492
Bihar,2020,1,Aurangabad District,204230,4269640
Bihar,2020,1,Kaimur Bhabua District,111817,2029554
Bihar,2020,1,Araria District,168149,3157208
Bihar,2020,1,Munger District,131943,2036068
Bihar,2020,1,Katihar District,213750,4464385
Bihar,2020,1,Khagaria District,115815,2170840
Bihar,2020,1,Saharsa District,147506,3103531
Bihar,2020,1,Bhagalpur District,311744,5153557
Bihar,2020,1,Madhubani District,328630,6746289
Bihar,2020,1,Kishanganj District,98189,1908388
Bihar,2020,1,Gaya District,398678,8034549
Bihar,2020,1,Samastipur District,334935,6379636
Bihar,2020,1,Banka District,108516,1666938
Bihar,2020,1,Purbi Champaran District,431458,9507066
Bihar,2020,1,Sheohar District,37408,726329
Bihar,2020,1,Bhojpur District,230828,4028259
Bihar,2018,1,Madhepura District,26881,0
Bihar,2018,1,Purnia District,51858,0
Bihar,2018,1,Nalanda District,75201,0
Bihar,2018,1,Buxar District,27689,0
Bihar,2018,1,Darbhanga District,74414,0
Bihar,2018,1,Nawada District,32228,0
Bihar,2018,1,Jamui District,23266,0
Bihar,2018,1,Sheikhpura District,10567,0
Bihar,2018,1,Siwan District,52000,0
Bihar,2018,1,Muzaffarpur District,125298,0
Bihar,2018,1,Patna District,425009,0
Bihar,2018,1,Jehanabad District,20394,0
Bihar,2018,1,Rohtas District,64983,0
Bihar,2018,1,Begusarai District,57409,0
Bihar,2018,1,Supaul District,29348,0
Bihar,2018,1,Sitamarhi District,47288,0
Bihar,2018,1,Saran District,63245,0
Bihar,2018,1,Arwal District,11087,0
Bihar,2018,1,Vaishali District,67921,0
Bihar,2018,1,Pashchim Champaran District,67656,0
Bihar,2018,1,Gopalganj District,41306,0
Bihar,2018,1,Lakhisarai District,18119,0
Bihar,2018,1,Aurangabad District,42349,0
Bihar,2018,1,Kaimur Bhabua District,22464,0
Bihar,2018,1,Araria District,30576,0
Bihar,2018,1,Munger District,32219,0
Bihar,2018,1,Katihar District,44233,0
Bihar,2018,1,Khagaria District,25026,0
Bihar,2018,1,Saharsa District,32380,0
Bihar,2018,1,Bhagalpur District,76063,0
Bihar,2018,1,Madhubani District,66664,0
Bihar,2018,1,Kishanganj District,16507,0
Bihar,2018,1,Gaya District,91015,0
Bihar,2018,1,Samastipur District,76068,0
Bihar,2018,1,Banka District,19504,0
Bihar,2018,1,Purbi Champaran District,87561,0
Bihar,2018,1,Sheohar District,7645,0
Bihar,2018,1,Bhojpur District,50363,0
Jharkhand,2022,1,Ramgarh District,284993,8511310
Jharkhand,2022,1,Ranchi District,1115386,25543169
Jharkhand,2022,1,East Singhbhum District,728043,16031807
Jharkhand,2022,1,Jamtara District,129831,5164704
Jharkhand,2022,1,Dumka District,142767,13991217
Jharkhand,2022,1,Koderma District,164357,8819732
Jharkhand,2022,1,Hazaribagh District,485388,28779029
Jharkhand,2022,1,Simdega District,41596,9873256
Jharkhand,2022,1,Garhwa District,186055,21084113
Jharkhand,2022,1,Saraikela Kharsawan District,234284,10335365
Jharkhand,2022,1,Gumla District,79572,12854186
Jharkhand,2022,1,Chatra District,142601,20452172
Jharkhand,2022,1,Khunti District,47381,7503720
Jharkhand,2022,1,Dhanbad District,862955,8822023
Jharkhand,2022,1,Godda District,156522,7224128
Jharkhand,2022,1,Deoghar District,375345,7353380
Jharkhand,2022,1,Palamu District,333409,22076334
Jharkhand,2022,1,Latehar District,91046,16239357
Jharkhand,2022,1,West Singhbhum District,158559,19386712
Jharkhand,2022,1,Pakur District,72474,5284941
Jharkhand,2022,1,Lohardaga District,59387,4299614
Jharkhand,2022,1,Sahebganj District,119193,8177435
Jharkhand,2022,1,Giridih District,387949,27383023
Jharkhand,2022,1,Bokaro District,626182,16165254
Jharkhand,2024,1,Ramgarh District,411863,12579557
Jharkhand,2024,1,Ranchi District,1584765,131109470
Jharkhand,2024,1,East Singhbhum District,1032308,46443010
Jharkhand,2024,1,Jamtara District,188474,36442675
Jharkhand,2024,1,Dumka District,206414,88236694
Jharkhand,2024,1,Koderma District,239352,14611344
Jharkhand,2024,1,Hazaribagh District,702582,52708003
Jharkhand,2024,1,Simdega District,60689,71397690
Jharkhand,2024,1,Garhwa District,276477,45135991
Jharkhand,2024,1,Saraikela Kharsawan District,334955,54227449
Jharkhand,2024,1,Gumla District,116099,95449081
Jharkhand,2024,1,Chatra District,208169,51338104
Jharkhand,2024,1,Khunti District,68528,38245340
Jharkhand,2024,1,Dhanbad District,1234913,14032894
Jharkhand,2024,1,Godda District,228020,29295101
Jharkhand,2024,1,Deoghar District,546402,169158402
Jharkhand,2024,1,Palamu District,488959,59648492
Jharkhand,2024,1,Latehar District,133149,55246622
Jharkhand,2024,1,West Singhbhum District,228343,84157913
Jharkhand,2024,1,Pakur District,105773,54982620
Jharkhand,2024,1,Lohardaga District,87058,17931420
Jharkhand,2024,1,Sahebganj District,173481,38516415
Jharkhand,2024,1,Giridih District,563876,79811231
Jharkhand,2024,1,Bokaro District,897500,48381428
Jharkhand,2023,1,Ramgarh District,350515,15239505
Jharkhand,2023,1,Ranchi District,1361772,41066213
Jharkhand,2023,1,East Singhbhum District,886341,22125227
Jharkhand,2023,1,Jamtara District,158873,11422150
Jharkhand,2023,1,Dumka District,173744,24800718
Jharkhand,2023,1,Koderma District,202708,15780441
Jharkhand,2023,1,Hazaribagh District,596924,48311195
Jharkhand,2023,1,Simdega District,50284,19471753
Jharkhand,2023,1,Garhwa District,231592,40554242
Jharkhand,2023,1,Saraikela Kharsawan District,285388,19211438
Jharkhand,2023,1,Gumla District,96678,29088085
Jharkhand,2023,1,Chatra District,175497,38860284
Jharkhand,2023,1,Khunti District,57273,13918508
Jharkhand,2023,1,Dhanbad District,1056568,11181343
Jharkhand,2023,1,Godda District,192482,12544271
Jharkhand,2023,1,Deoghar District,463198,16488188
Jharkhand,2023,1,Palamu District,412757,36303427
Jharkhand,2023,1,Latehar District,111783,30373225
Jharkhand,2023,1,West Singhbhum District,192587,31221302
Jharkhand,2023,1,Pakur District,88874,12368665
Jharkhand,2023,1,Lohardaga District,73158,9332675
Jharkhand,2023,1,Sahebganj District,146749,13252758
Jharkhand,2023,1,Giridih District,477295,50753258
Jharkhand,2023,1,Bokaro District,766067,22139996
Jharkhand,2019,1,Ramgarh District,93606,0
Jharkhand,2019,1,Ranchi District,386608,0
Jharkhand,2019,1,East Singhbhum District,256344,0
Jharkhand,2019,1,Jamtara District,31881,0
Jharkhand,2019,1,Dumka District,43171,0
Jharkhand,2019,1,Koderma District,54059,0
Jharkhand,2019,1,Hazaribagh District,151904,0
Jharkhand,2019,1,Simdega District,9604,0
Jharkhand,2019,1,Garhwa District,49830,0
Jharkhand,2019,1,Saraikela Kharsawan District,81052,0
Jharkhand,2019,1,Gumla District,19367,0
Jharkhand,2019,1,Chatra District,38103,0
Jharkhand,2019,1,Khunti District,12464,0
Jharkhand,2019,1,Dhanbad District,313255,0
Jharkhand,2019,1,Godda District,47481,0
Jharkhand,2019,1,Deoghar District,97449,0
Jharkhand,2019,1,Palamu District,94917,0
Jharkhand,2019,1,Latehar District,23885,0
Jharkhand,2019,1,West Singhbhum District,45300,0
Jharkhand,2019,1,Pakur District,19057,0
Jharkhand,2019,1,Lohardaga District,16058,0
Jharkhand,2019,1,Sahebganj District,34076,0
Jharkhand,2019,1,Giridih District,123889,0
Jharkhand,2019,1,Bokaro District,235969,0
Jharkhand,2021,1,Ramgarh District,216188,6534314
Jharkhand,2021,1,Ranchi District,853943,24364256
Jharkhand,2021,1,East Singhbhum District,560083,13862208
Jharkhand,2021,1,Jamtara District,97127,1055011
Jharkhand,2021,1,Dumka District,106316,2134734
Jharkhand,2021,1,Koderma District,123296,4042931
Jharkhand,2021,1,Hazaribagh District,366460,12583272
Jharkhand,2021,1,Simdega District,30003,645261
Jharkhand,2021,1,Garhwa District,136634,4603704
Jharkhand,2021,1,Saraikela Kharsawan District,177952,4356961
Jharkhand,2021,1,Gumla District,57454,1197448
Jharkhand,2021,1,Chatra District,105135,3325471
Jharkhand,2021,1,Khunti District,34728,743854
Jharkhand,2021,1,Dhanbad District,661077,15887183
Jharkhand,2021,1,Godda District,117166,2698124
Jharkhand,2021,1,Deoghar District,281799,4690063
Jharkhand,2021,1,Palamu District,247954,8066488
Jharkhand,2021,1,Latehar District,66756,2190635
Jharkhand,2021,1,West Singhbhum District,118302,2578239
Jharkhand,2021,1,Pakur District,53417,1136413
Jharkhand,2021,1,Lohardaga District,43640,1013709
Jharkhand,2021,1,Sahebganj District,88783,2200017
Jharkhand,2021,1,Giridih District,288800,7801690
Jharkhand,2021,1,Bokaro District,480036,14019345
Jharkhand,2020,1,Ramgarh District,149467,3234694
Jharkhand,2020,1,Ranchi District,602664,12670342
Jharkhand,2020,1,East Singhbhum District,398663,7560425
Jharkhand,2020,1,Jamtara District,62283,702395
Jharkhand,2020,1,Dumka District,69852,1172516
Jharkhand,2020,1,Koderma District,84331,1862938
Jharkhand,2020,1,Hazaribagh District,248710,5867137
Jharkhand,2020,1,Simdega District,17525,296335
Jharkhand,2020,1,Garhwa District,87607,2110569
Jharkhand,2020,1,Saraikela Kharsawan District,124479,2627564
Jharkhand,2020,1,Gumla District,34702,527039
Jharkhand,2020,1,Chatra District,67305,1587493
Jharkhand,2020,1,Khunti District,21442,354137
Jharkhand,2020,1,Dhanbad District,479075,9614867
Jharkhand,2020,1,Godda District,77305,1404924
Jharkhand,2020,1,Deoghar District,179746,2757806
Jharkhand,2020,1,Palamu District,161215,3688215
Jharkhand,2020,1,Latehar District,42321,1057532
Jharkhand,2020,1,West Singhbhum District,77335,1328533
Jharkhand,2020,1,Pakur District,33331,593048
Jharkhand,2020,1,Lohardaga District,27627,483440
Jharkhand,2020,1,Sahebganj District,56249,960216
Jharkhand,2020,1,Giridih District,195939,3768943
Jharkhand,2020,1,Bokaro District,352220,7783605
Jharkhand,2018,1,Ramgarh District,37875,0
Jharkhand,2018,1,Ranchi District,159444,0
Jharkhand,2018,1,East Singhbhum District,103016,0
Jharkhand,2018,1,Jamtara District,10659,0
Jharkhand,2018,1,Dumka District,16027,0
Jharkhand,2018,1,Koderma District,21423,0
Jharkhand,2018,1,Hazaribagh District,56421,0
Jharkhand,2018,1,Simdega District,2983,0
Jharkhand,2018,1,Garhwa District,14981,0
Jharkhand,2018,1,Saraikela Kharsawan District,31177,0
Jharkhand,2018,1,Gumla District,6616,0
Jharkhand,2018,1,Chatra District,11805,0
Jharkhand,2018,1,Khunti District,4037,0
Jharkhand,2018,1,Dhanbad District,130195,0
Jharkhand,2018,1,Godda District,16608,0
Jharkhand,2018,1,Deoghar District,35229,0
Jharkhand,2018,1,Palamu District,31788,0
Jharkhand,2018,1,Latehar District,7580,0
Jharkhand,2018,1,West Singhbhum District,15529,0
Jharkhand,2018,1,Pakur District,6846,0
Jharkhand,2018,1,Lohardaga District,5431,0
Jharkhand,2018,1,Sahebganj District,12479,0
Jharkhand,2018,1,Giridih District,45940,0
Jharkhand,2018,1,Bokaro District,101673,0
Nagaland,2022,1,Mon District,21773,3482625
Nagaland,2022,1,Phek District,10413,2897460
Nagaland,2022,1,Longleng District,4772,1154178
Nagaland,2022,1,Mokokchung District,21029,2505397
Nagaland,2022,1,Kiphire District,5368,1305848
Nagaland,2022,1,Kohima District,49523,1741671
Nagaland,2022,1,Tuensang District,12057,2545145
Nagaland,2022,1,Peren District,5881,1439905
Nagaland,2022,1,Dimapur District,124644,2509940
Nagaland,2022,1,Zunheboto District,8280,2214871
Nagaland,2022,1,Wokha District,12743,2409013
Nagaland,2024,1,Mon District,31941,7910591
Nagaland,2024,1,Phek District,15014,4075681
Nagaland,2024,1,Longleng District,6951,2363136
Nagaland,2024,1,Mokokchung District,29997,3440865
Nagaland,2024,1,Kiphire District,7857,4548866
Nagaland,2024,1,Kohima District,70998,2945267
Nagaland,2024,1,Tuensang District,17533,5551213
Nagaland,2024,1,Peren District,8518,1623689
Nagaland,2024,1,Dimapur District,179628,6514167
Nagaland,2024,1,Zunheboto District,11884,2337055
Nagaland,2024,1,Wokha District,18309,5174551
Nagaland,2023,1,Mon District,26501,5931729
Nagaland,2023,1,Phek District,12359,4415636
Nagaland,2023,1,Longleng District,5691,2171039
Nagaland,2023,1,Mokokchung District,25058,2635662
Nagaland,2023,1,Kiphire District,6491,1263369
Nagaland,2023,1,Kohima District,60269,4162795
Nagaland,2023,1,Tuensang District,14523,3341635
Nagaland,2023,1,Peren District,7042,1457015
Nagaland,2023,1,Dimapur District,152828,3381140
Nagaland,2023,1,Zunheboto District,9817,2411041
Nagaland,2023,1,Wokha District,15357,4056093
Nagaland,2019,1,Mon District,2458,0
Nagaland,2019,1,Phek District,1727,0
Nagaland,2019,1,Longleng District,539,0
Nagaland,2019,1,Mokokchung District,3721,0
Nagaland,2019,1,Kiphire District,862,0
Nagaland,2019,1,Kohima District,10747,0
Nagaland,2019,1,Tuensang District,1678,0
Nagaland,2019,1,Peren District,884,0
Nagaland,2019,1,Dimapur District,28091,0
Nagaland,2019,1,Zunheboto District,1374,0
Nagaland,2019,1,Wokha District,1830,0
Nagaland,2021,1,Mon District,16154,207141
Nagaland,2021,1,Phek District,7536,115057
Nagaland,2021,1,Longleng District,3428,58910
Nagaland,2021,1,Mokokchung District,15634,194365
Nagaland,2021,1,Kiphire District,3904,50891
Nagaland,2021,1,Kohima District,37488,530009
Nagaland,2021,1,Tuensang District,8866,118643
Nagaland,2021,1,Peren District,4286,59784
Nagaland,2021,1,Dimapur District,94968,1432598
Nagaland,2021,1,Zunheboto District,6013,81959
Nagaland,2021,1,Wokha District,9531,131224
Nagaland,2020,1,Mon District,5747,119902
Nagaland,2020,1,Phek District,3637,59218
Nagaland,2020,1,Longleng District,1430,23944
Nagaland,2020,1,Mokokchung District,7626,104247
Nagaland,2020,1,Kiphire District,1814,33191
Nagaland,2020,1,Kohima District,20644,320294
Nagaland,2020,1,Tuensang District,3634,60792
Nagaland,2020,1,Peren District,1899,31361
Nagaland,2020,1,Dimapur District,53696,817430
Nagaland,2020,1,Zunheboto District,2898,51964
Nagaland,2020,1,Wokha District,4118,62177
Nagaland,2018,1,Mon District,525,0
Nagaland,2018,1,Phek District,487,0
Nagaland,2018,1,Longleng District,121,0
Nagaland,2018,1,Mokokchung District,1043,0
Nagaland,2018,1,Kiphire District,168,0
Nagaland,2018,1,Kohima District,3036,0
Nagaland,2018,1,Tuensang District,377,0
Nagaland,2018,1,Peren District,218,0
Nagaland,2018,1,Dimapur District,8249,0
Nagaland,2018,1,Zunheboto District,385,0
Nagaland,2018,1,Wokha District,465,0
